SHSZ300 Index,,,,
Date,PX_VOLUME,PX_HIGH,PX_LOW,PX_LAST
#NAME?,4714036736,3388.29,3348.78,3356.33
4/19/2010,8841629696,3313.5,3175.44,3176.42
4/20/2010,6413786112,3196.65,3130.96,3173.37
4/21/2010,6692833280,3237.54,3164.76,3236.68
4/22/2010,7108168704,3231.99,3177.73,3201.54
4/23/2010,6125267968,3224.74,3172.58,3190
4/26/2010,5089419776,3207.72,3168.37,3172
4/27/2010,6529657344,3163.1,3060.85,3108.41
4/28/2010,4599540736,3122.11,3062.08,3097.35
4/29/2010,4826097152,3130.7,3059.8,3060.06
4/30/2010,5447788032,3068.13,3014.07,3067.36
5/4/2010,4124860928,3056.08,2994.92,3019.45
5/5/2010,5967044096,3036.86,2943.36,3036.39
5/6/2010,5877041152,3014.91,2895.39,2896.86
5/7/2010,6111940096,2892.53,2817.15,2836.79
5/10/2010,5020917248,2872.31,2798.52,2858.23
5/11/2010,5836348928,2922.13,2790.7,2800.82
5/12/2010,5300227072,2832.15,2756.42,2818.16
5/13/2010,5514577920,2886.97,2811.66,2886.91
5/14/2010,4249871872,2888.09,2849.24,2868.02
5/17/2010,5216684544,2828.88,2712.44,2714.72
5/18/2010,5450967040,2781.84,2686.97,2771.35
5/19/2010,4557622272,2803.7,2723.3,2762.17
5/20/2010,4217480192,2793.88,2721.07,2726.02
5/21/2010,5447538176,2769.09,2647.6,2768.79
5/24/2010,7450233856,2886.37,2787.75,2873.47
5/25/2010,5516832768,2855.33,2798.02,2813.94
5/26/2010,3985856256,2839.03,2797.63,2813.94
5/27/2010,5344520704,2866.86,2771.59,2859.98
5/28/2010,5153499136,2893.69,2835.07,2850.3
5/31/2010,4621685248,2857.42,2772.79,2773.26
6/1/2010,4485142528,2782.29,2710.59,2744.16
6/2/2010,3958702080,2757.91,2700.07,2757.53
6/3/2010,3958725888,2787.51,2735.7,2736.08
6/4/2010,3274629120,2748.48,2713.09,2744.39
6/7/2010,3954199296,2716.4,2673.34,2695.72
6/8/2010,3514018304,2720.59,2672.06,2699.34
6/9/2010,6020953088,2787.82,2687.33,2782.13
6/10/2010,4290633472,2776.26,2746.11,2750.02
6/11/2010,4055858432,2782.09,2755.95,2758.87
6/17/2010,3261235456,2784.92,2742.64,2742.73
6/18/2010,4180834304,2755.84,2686.61,2696.17
6/21/2010,5526148096,2784.47,2686.32,2780.66
6/22/2010,3909605120,2795.32,2766.44,2783.72
6/23/2010,3560035072,2788.22,2734.05,2758.5
6/24/2010,2922068224,2783.51,2739.81,2757.5
6/25/2010,3067178240,2759.45,2715.66,2736.29
6/28/2010,2771004416,2751.46,2710.09,2716.78
6/29/2010,4875855360,2724.23,2591.69,2592.02
6/30/2010,3569879296,2575.82,2546.84,2563.07
7/1/2010,3285764608,2574.1,2524.57,2526.07
7/2/2010,4491409920,2542.12,2462.2,2534.11
7/5/2010,3217857536,2529.43,2476.49,2512.65
7/6/2010,3971476224,2563.41,2502.93,2562.9
7/7/2010,3572090880,2580.61,2548.56,2580.48
7/8/2010,3405696512,2602.23,2564.64,2575.92
7/9/2010,5849304576,2662.16,2557.26,2647.1
7/12/2010,5846248960,2689.81,2636.65,2676.22
7/13/2010,4322850816,2649.66,2618.34,2634.59
7/14/2010,4668886016,2684.62,2640.54,2653.61
7/15/2010,4044045824,2680.44,2607.79,2608.52
7/16/2010,3506330112,2621.33,2573.79,2616.13
7/19/2010,5386806784,2691.94,2585.01,2682.47
7/20/2010,7312834560,2746.24,2685.46,2741.5
7/21/2010,7075709440,2766.21,2733.72,2747.33
7/22/2010,6106480640,2783.14,2734.07,2781.29
7/23/2010,6451856384,2806.98,2769.44,2793.08
7/26/2010,5358002688,2811.95,2775.78,2811.05
7/27/2010,4979988480,2812.21,2785.37,2795.72
7/28/2010,7937138688,2866.4,2784.16,2863.72
7/29/2010,9596540928,2888.6,2852,2877.98
7/30/2010,6257559040,2876.14,2844.68,2868.85
8/2/2010,7174329856,2922.61,2867.45,2917.27
8/3/2010,8174836224,2929.61,2865.76,2865.97
8/4/2010,7131804160,2876.59,2818.25,2876.43
8/5/2010,6715758080,2877.31,2833.67,2850.83
8/6/2010,7491489792,2898.53,2821.03,2897.66
8/9/2010,7472638976,2922.62,2888.04,2918.24
8/10/2010,7843503616,2925.3,2832.08,2832.64
8/11/2010,5497913344,2864.36,2823.15,2850.21
8/12/2010,5989322752,2860.37,2810.1,2816.39
8/13/2010,5850771968,2856.04,2799.22,2855.55
8/16/2010,8106804224,2927.69,2843.02,2922.08
8/17/2010,7645291008,2949.73,2917.83,2942.29
8/18/2010,7074760192,2962.75,2924.67,2937.36
8/19/2010,7692486656,2975.19,2928.01,2955.39
8/20/2010,7166330368,2951.96,2892.64,2898.33
8/23/2010,4891551744,2920.54,2886.66,2896.19
8/24/2010,6109379584,2933.12,2866.8,2911.83
8/25/2010,6361061888,2904.66,2842.25,2843.02
8/26/2010,4867044352,2868.88,2836.13,2850.09
8/27/2010,4078958336,2861.07,2833.42,2858.57
8/30/2010,6574988288,2921.08,2872.92,2915.01
8/31/2010,6576610304,2910.06,2889.81,2903.19
9/1/2010,7697558016,2931.76,2859.17,2884.04
9/2/2010,7070085120,2931.55,2903.03,2921.39
9/3/2010,7264102912,2929.55,2891.88,2920.21
9/6/2010,9385568256,2980.42,2935.89,2975.09
9/7/2010,7351936000,2991.44,2959.9,2983.11
9/8/2010,7287200256,2982.72,2953.84,2980.97
9/9/2010,8139555328,2986.87,2922.2,2926.46
9/10/2010,6508670464,2940.79,2890.03,2932.55
9/13/2010,6727989760,2977.08,2925.42,2962.32
9/14/2010,7010590208,2984.47,2954.51,2965.01
9/15/2010,7161964032,2965.54,2905.63,2913.19
9/16/2010,7407428608,2917.85,2834.03,2857.79
9/17/2010,5193886720,2877.08,2847.68,2861.37
9/20/2010,5028310528,2872.22,2829.76,2849.83
9/21/2010,3575187968,2869.38,2844.13,2857.48
9/27/2010,4907182080,2905.53,2864.21,2905.03
9/28/2010,5866082816,2900.54,2875.66,2880.91
9/29/2010,5678223360,2908.73,2866.85,2874.81
9/30/2010,6300024832,2935.59,2857.42,2935.57
10/8/2010,9999471616,3055.84,2963.24,3044.23
10/11/2010,15873490944,3154.2,3069.19,3132.89
10/12/2010,12736171008,3173.85,3106.22,3172.73
10/13/2010,14460777472,3221.65,3165.58,3217.58
10/14/2010,17961183232,3286.02,3215.03,3224.14
10/15/2010,19341414400,3327.68,3199.12,3327.68
10/18/2010,21788205056,3390.01,3288.78,3306.16
10/19/2010,13044178944,3375.87,3280,3375.67
10/20/2010,16652846080,3439.23,3301.01,3396.88
10/21/2010,12388324352,3418.09,3344.96,3374.69
10/22/2010,11636186112,3408.49,3346.11,3378.66
10/25/2010,14543310848,3481.35,3366.43,3481.08
10/26/2010,14263699456,3499.82,3436.46,3466.08
10/27/2010,12376157184,3490.22,3398.09,3403.87
10/28/2010,9834945536,3420.89,3371.44,3397.69
10/29/2010,10045896704,3404.6,3351.6,3379.98
11/1/2010,12626914304,3473,3390.41,3473
11/2/2010,15491144704,3522.18,3449.72,3463.13
11/3/2010,12635930624,3474.71,3419.08,3420.34
11/4/2010,11679947776,3480.93,3419.64,3480.5
11/5/2010,13768802304,3554.47,3498.28,3520.8
11/8/2010,12647075840,3549.3,3506.38,3548.57
11/9/2010,12245452800,3547.44,3498.62,3523.95
11/10/2010,12007858176,3508.27,3470.97,3499.11
11/11/2010,13897623552,3557.99,3484.89,3509.98
11/12/2010,16073384960,3497.06,3284.35,3291.83
11/15/2010,10231572480,3319.98,3241.76,3314.89
11/16/2010,10830707712,3311.62,3155.48,3169.54
11/17/2010,8325808128,3168.93,3087.51,3103.91
11/18/2010,6569729024,3158.63,3097.39,3147.96
11/19/2010,8334765568,3178.85,3076.21,3178.85
11/22/2010,8321277440,3200.47,3137.75,3171.94
11/23/2010,7739959296,3156.48,3061.62,3107.18
11/24/2010,7533208064,3177.41,3088.99,3177.04
11/25/2010,8344209408,3227.05,3172.28,3223.48
11/26/2010,6446782464,3224.52,3170.36,3194.85
11/29/2010,5899489280,3206.76,3159.46,3190.05
11/30/2010,8576235520,3205.78,3060.44,3136.99
12/1/2010,4888266752,3150.44,3111.64,3136.02
12/2/2010,6102390784,3194.23,3154.32,3155.06
12/3/2010,5047535616,3171.38,3134.42,3158.16
12/6/2010,5636262912,3185.33,3140.55,3165.57
12/7/2010,5848365568,3214.69,3112.22,3200.34
12/8/2010,5951566336,3215.28,3166.77,3171.88
12/9/2010,6615296512,3175.05,3122.2,3123.37
12/10/2010,5710810624,3172.16,3101.08,3161.98
12/13/2010,9571374080,3261.34,3173.56,3261.06
12/14/2010,8410424320,3279.36,3254.18,3269.47
12/15/2010,7226978304,3282.77,3242.52,3247.64
12/16/2010,5679962624,3258.39,3224.12,3230.67
12/17/2010,4491914752,3232.84,3212.58,3225.66
12/20/2010,7475969024,3249.76,3118,3178.66
12/21/2010,7985242112,3251.55,3168.89,3249.51
12/22/2010,6993625600,3263.45,3201.67,3215.45
12/23/2010,6131584512,3237.64,3183.15,3188.61
12/24/2010,5513776640,3187.72,3139.45,3162.96
12/27/2010,7001710592,3219.66,3092.26,3099.71
12/28/2010,5632574976,3095.36,3041.33,3044.93
12/29/2010,4519277568,3062.56,3025.22,3061.83
12/30/2010,5428143104,3079.91,3027.9,3064.1
12/31/2010,6256607744,3129.45,3067.11,3128.26
1/4/2011,8541043712,3194.36,3143.6,3189.68
1/5/2011,7926880768,3193.78,3158.87,3175.66
1/6/2011,5968109056,3198.05,3152.57,3159.64
1/7/2011,8409323520,3209.9,3141.13,3166.62
1/10/2011,6549440512,3182.78,3102.43,3108.19
1/11/2011,5698591744,3131.29,3084.51,3124.92
1/12/2011,5849851904,3153.43,3099.41,3142.34
1/13/2011,5193698816,3157.04,3127.16,3141.28
1/14/2011,5335143936,3129.67,3083.51,3091.86
1/17/2011,6680756224,3078.88,2968.61,2974.35
1/18/2011,4296456192,2984.47,2947.6,2977.65
1/19/2011,5657193984,3045.61,2967.24,3044.85
1/20/2011,6104664576,3037.86,2944.5,2944.71
1/21/2011,7310296576,3030.26,2935.14,2983.46
1/24/2011,6547254784,2999.2,2943.92,2954.23
1/25/2011,4898268672,2960.59,2919.16,2938.65
1/26/2011,4337498112,2982.32,2939.36,2978.43
1/27/2011,8258591744,3037.16,2935.27,3026.47
1/28/2011,6301359104,3047.27,3011.38,3036.74
1/31/2011,6710591488,3076.55,3032.45,3076.51
2/1/2011,4986252800,3087.23,3062.83,3077.28
2/9/2011,6039414272,3087.55,3031.75,3040.95
2/10/2011,6660366336,3105.32,3024.35,3104.16
2/11/2011,7597555200,3133.5,3092.58,3120.96
2/14/2011,12130233344,3227.43,3123.25,3219.14
2/15/2011,10955444224,3259.64,3215.62,3217.67
2/16/2011,9133428736,3248.85,3195.47,3248.53
2/17/2011,8896470016,3265.26,3218.91,3245.91
2/18/2011,7537868288,3242.37,3203.12,3211.88
2/21/2011,7939977728,3258.28,3189.85,3257.91
2/22/2011,10786373632,3269.05,3161.83,3163.58
2/23/2011,7132485632,3182.19,3145.99,3174.74
2/24/2011,6648689152,3195.69,3157.97,3190.94
2/25/2011,6161927680,3213.79,3159.85,3197.62
2/28/2011,7663066112,3241.6,3178.83,3239.56
3/1/2011,8856695808,3273.51,3235.75,3254.89
3/2/2011,8091064320,3257.42,3202.83,3243.3
3/3/2011,10121999360,3271.64,3221.04,3221.72
3/4/2011,8001391616,3273.66,3217.48,3270.67
3/7/2011,11818719232,3337.47,3287.41,3334.51
3/8/2011,8487865344,3342.71,3311.72,3337.46
3/9/2011,7802636288,3355.49,3322.7,3338.86
3/10/2011,7821264384,3330.44,3279.33,3280.26
3/11/2011,6720833536,3290.7,3240.18,3247.38
3/14/2011,6368978432,3263.91,3230.11,3262.92
3/15/2011,9603397632,3250.59,3147.96,3203.96
3/16/2011,7885952000,3250.88,3202.93,3248.2
3/17/2011,8568711168,3240.38,3185.08,3197.1
3/18/2011,6134016000,3239.96,3205.14,3215.69
3/21/2011,5910503936,3236.28,3194.14,3207.11
3/22/2011,5724868608,3227.8,3175.93,3222.96
3/23/2011,7207758336,3267,3216.65,3264.93
3/24/2011,6130424320,3273.37,3250.02,3251.36
3/25/2011,8689597440,3304.26,3254.68,3294.48
3/28/2011,9768429568,3328.07,3286.86,3290.57
3/29/2011,10528016384,3309.2,3256.34,3257.98
3/30/2011,7833633792,3274.98,3233.11,3256.08
3/31/2011,6450387968,3264.96,3210.17,3223.29
4/1/2011,6309472256,3272.77,3220.91,3272.73
4/6/2011,10582367232,3315.3,3268.76,3311.07
4/7/2011,8468176384,3330.8,3302.82,3324.42
4/8/2011,7392921088,3353.89,3314.09,3353.36
4/11/2011,10442054656,3380.53,3331.17,3333.43
4/12/2011,10193850368,3350.16,3307.48,3326.77
4/13/2011,8703633408,3372.03,3296.51,3372.03
4/14/2011,8897223680,3378.7,3347.49,3353.56
4/15/2011,7851487232,3378.11,3323.56,3358.94
4/18/2011,8658262016,3372.9,3335.6,3359.44
4/19/2011,8510693376,3334.91,3290.74,3295.81
4/20/2011,7234331648,3311.73,3281.83,3295.76
4/21/2011,7324042240,3330.24,3301.94,3317.37
4/22/2011,6717145600,3325.46,3291.64,3299.94
4/25/2011,7442182656,3292.48,3247.69,3249.57
4/26/2011,5909641728,3257.8,3216.21,3230.96
4/27/2011,6244356608,3256.41,3189.04,3209.5
4/28/2011,6505023488,3237.19,3160.41,3161.78
4/29/2011,5368306688,3193.6,3147.14,3192.72
5/3/2011,5499891200,3212.05,3164.93,3211.13
5/4/2011,6671633920,3193.45,3120.96,3129.03
5/5/2011,5256774656,3136.9,3105.85,3126.12
5/6/2011,5535218688,3141.68,3083.91,3121.4
5/9/2011,4602740224,3149.94,3118.14,3129.76
5/10/2011,4093299456,3153.3,3121.75,3153.22
5/11/2011,4768853504,3164.65,3127.49,3145.08
5/12/2011,4879949824,3142.4,3101.14,3101.6
5/13/2011,4689595392,3128.44,3080.19,3128.09
5/16/2011,4519431680,3137.6,3098.78,3100.46
5/17/2011,5120373248,3136.23,3076.95,3116.03
5/18/2011,3964176896,3145.7,3106.55,3139.38
5/19/2011,4311078400,3154.94,3118.62,3120.64
5/20/2011,3846801152,3133.43,3113.27,3121.6
5/23/2011,5590247424,3115.31,3021.45,3022.98
5/24/2011,4160894464,3029.75,2999.89,3026.22
5/25/2011,3928970496,3030.99,2988.09,2990.34
5/26/2011,3700374784,3021.2,2977.6,2978.38
5/27/2011,4277090560,2996.61,2962.07,2963.31
5/30/2011,3467116032,2982.58,2942.36,2954.51
5/31/2011,3968939776,3001.73,2946.15,3001.56
6/1/2011,3841932800,3006.56,2985.71,3004.17
6/2/2011,5261786624,2984.49,2923.02,2955.71
6/3/2011,3907616256,2993.89,2951.2,2986.35
6/7/2011,3685233152,3006.57,2974.36,3004.26
6/8/2011,4290875648,3012.81,2965.92,3008.65
6/9/2011,4749663744,3004.06,2951.89,2951.89
6/10/2011,4220188160,2964.08,2925.87,2961.93
6/13/2011,3835166720,2957.52,2921.75,2950.35
6/14/2011,5598281728,3000.53,2943.53,2993.56
6/15/2011,4439085056,2999.15,2963.11,2963.12
6/16/2011,4113548288,2946.81,2915.4,2917.58
6/17/2011,4117652992,2934.06,2891.01,2892.16
6/20/2011,3799198208,2896.08,2862.41,2874.9
6/21/2011,4203892224,2909.57,2877.05,2909.07
6/22/2011,3731880192,2921.03,2894.18,2908.58
6/23/2011,4594111488,2966.54,2888.68,2957.63
6/24/2011,8545924096,3047.94,2944.05,3027.47
6/27/2011,6561576960,3056.02,3019.24,3036.49
6/28/2011,5576625664,3046.8,3014,3041.73
6/29/2011,5347684864,3043.81,2999.95,3000.17
6/30/2011,6250254848,3058.63,3003.23,3044.09
7/1/2011,5676665344,3071.21,3034.07,3049.75
7/4/2011,8046403072,3124.58,3064.94,3121.98
7/5/2011,6776333312,3128.53,3105.09,3122.5
7/6/2011,6155580928,3116.12,3084.83,3113.71
7/7/2011,7181036032,3140.1,3101.1,3101.68
7/8/2011,5128259072,3124.39,3093.37,3109.18
7/11/2011,4792066048,3121,3086.26,3113.21
7/12/2011,5710798336,3090.1,3054.8,3056.91
7/13/2011,5411436544,3108.5,3060.42,3106.25
7/14/2011,6031493632,3126.15,3092.47,3115.75
7/15/2011,6155032064,3130.77,3097.34,3128.89
7/18/2011,6069131264,3137.92,3113.67,3122.6
7/19/2011,5338870784,3109.92,3088.38,3095.13
7/20/2011,4411833344,3119.54,3071.85,3091.57
7/21/2011,4408468992,3099.28,3058.25,3059.14
7/22/2011,3725725440,3083.19,3059.6,3067.99
7/25/2011,6718099456,3050.9,2958.88,2968.29
7/26/2011,4351545856,2980.86,2957.61,2977.77
7/27/2011,4838561280,3002.69,2951.52,3000.05
7/28/2011,4813898240,2984.38,2956.71,2981
7/29/2011,4629825536,2995.97,2948.08,2972.08
8/1/2011,3388695040,2991.05,2958.83,2977.72
8/2/2011,3897835776,2958.85,2919.01,2956.38
8/3/2011,3866836224,2969.13,2927.1,2954.87
8/4/2011,3298572032,2983.01,2951.84,2960.31
8/5/2011,4931685376,2916.41,2868.16,2897.42
8/8/2011,7151776768,2888.77,2747.97,2793.9
8/9/2011,6984267776,2812.77,2697.06,2798.19
8/10/2011,5865931264,2858.55,2820.12,2824.12
8/11/2011,5899768832,2867.31,2777.76,2866.92
8/12/2011,5719740416,2894.22,2868.87,2875.36
8/15/2011,5987547648,2917.88,2870.19,2917.88
8/16/2011,5096268288,2932.14,2888.33,2897.58
8/17/2011,3917817856,2910.83,2881.63,2886.01
8/18/2011,4076888320,2890,2832.27,2834.25
8/19/2011,4325964800,2814.1,2782.56,2807.66
8/22/2011,3420968448,2829.69,2768.42,2777.79
8/23/2011,3262051328,2821,2777.29,2821
8/24/2011,3530156544,2845.47,2804.82,2810.02
8/25/2011,7221684736,2904.44,2815.91,2903.84
8/26/2011,4560410112,2907.4,2876.83,2901.22
8/29/2011,4426784768,2875.78,2847.48,2852.81
8/30/2011,4313787392,2901.73,2838.33,2841.74
8/31/2011,3210789888,2855.3,2823.77,2846.78
9/1/2011,3011870208,2869.25,2825.96,2834.53
9/2/2011,2931711488,2836.62,2790.77,2803.85
9/5/2011,3200566016,2780.83,2743.38,2743.82
9/6/2011,2971398144,2745.36,2711.07,2723.3
9/7/2011,3326538240,2779.21,2730.05,2779.09
9/8/2011,2683873536,2789.11,2755.8,2756.11
9/9/2011,2707350272,2796.35,2739.62,2751.09
9/13/2011,2671376384,2726.19,2698.66,2720.28
9/14/2011,3042478080,2736.91,2677.13,2733.11
9/15/2011,3117192448,2754.19,2728.91,2729.05
9/16/2011,2755593216,2755.89,2729,2733.99
9/19/2011,2909094144,2718.32,2678.79,2679.27
9/20/2011,2559868160,2702.28,2664.1,2689.84
9/21/2011,5619417088,2778.35,2677.35,2771.01
9/22/2011,4710265856,2754.92,2684.94,2685.69
9/23/2011,4259222528,2681.23,2631.43,2669.48
9/26/2011,3917512448,2679.56,2603.11,2610.92
9/27/2011,3502197504,2652.56,2613.42,2637.88
9/28/2011,3416955392,2660.1,2602.63,2610.59
9/29/2011,3709359360,2615.14,2577.29,2588.19
9/30/2011,3205082112,2607.57,2572.19,2581.35
10/10/2011,2832512256,2595.32,2552.28,2557.08
10/11/2011,4502984704,2635.69,2526.65,2551.99
10/12/2011,6594568192,2647.01,2523.34,2644.76
10/13/2011,6042619904,2672.91,2629.41,2662.6
10/14/2011,3833694720,2665.44,2629.88,2653.78
10/17/2011,3615831552,2687.1,2653.38,2666.95
10/18/2011,3937344768,2651.73,2589.21,2592.21
10/19/2011,3111616512,2617.41,2580.66,2583.08
10/20/2011,3984246272,2570.1,2500.49,2520.53
10/21/2011,2984350208,2538.12,2504.69,2507.88
10/24/2011,4634579968,2581.13,2501.96,2576.67
10/25/2011,5796737536,2633.97,2560.05,2625.43
10/26/2011,7309824000,2679.66,2611.01,2651.65
10/27/2011,4882039296,2672.84,2647.3,2657.48
10/28/2011,7164310528,2729.14,2689.38,2709.02
10/31/2011,5040711168,2709.32,2680.99,2695.31
11/1/2011,5520665088,2726.09,2669.05,2697.53
11/2/2011,6436158464,2742.94,2653.72,2742.39
11/3/2011,8482076160,2781.04,2743.2,2744.3
11/4/2011,6195821568,2781.99,2748.98,2763.75
11/7/2011,4537505792,2769.3,2733.17,2736.25
11/8/2011,4788425216,2756.09,2723.69,2727.71
11/9/2011,4687796224,2755.81,2710.05,2751.65
11/10/2011,5117370368,2729.57,2698.31,2699.59
11/11/2011,3663669504,2713.91,2685.1,2695
11/14/2011,4639094272,2751.88,2714.86,2750.2
11/15/2011,4175986432,2754,2732.91,2744.68
11/16/2011,5594924032,2746.29,2659.15,2670.12
11/17/2011,3524765184,2687.83,2660.65,2662.02
11/18/2011,4241471744,2646.21,2601.18,2606.5
11/21/2011,2797189632,2613.26,2587.74,2609.69
11/22/2011,2906907904,2611.15,2580.78,2609.48
11/23/2011,2853141248,2617.09,2578.16,2584.01
11/24/2011,3031960064,2604.24,2557.7,2588.92
11/25/2011,2391376640,2598.39,2563.65,2569.97
11/28/2011,2566693632,2589.35,2562.49,2573.32
11/29/2011,3002587904,2609.19,2580.29,2608.57
11/30/2011,4235264512,2601.9,2507.18,2521.52
12/1/2011,6352025088,2630.66,2577.72,2583.61
12/2/2011,3218370304,2575.69,2543.53,2557.31
12/5/2011,3206338816,2561.2,2517.18,2521.39
12/6/2011,2629758208,2525.67,2499.57,2516.34
12/7/2011,2326183936,2534.53,2509.78,2528.23
12/8/2011,2777774336,2549.1,2494.69,2525
12/9/2011,2402905856,2525.16,2496.97,2503.46
12/12/2011,2190125056,2502.05,2476.12,2477.69
12/13/2011,3571753472,2472.66,2418.67,2421.93
12/14/2011,2532010752,2433.55,2392.3,2397.48
12/15/2011,3675083264,2384.47,2340.45,2340.79
12/16/2011,3630233856,2390.38,2332.14,2390.13
12/19/2011,3790975232,2387.89,2321.66,2384.41
12/20/2011,3240232704,2412.57,2373.86,2377.07
12/21/2011,3120952576,2404.77,2337.69,2339.11
12/22/2011,3668385792,2358.47,2294.61,2341.33
12/23/2011,3316190464,2382.71,2331.96,2359.16
12/26/2011,2822408704,2369.82,2334.79,2335.7
12/27/2011,2927731456,2346.38,2302.41,2305.03
12/28/2011,3288201984,2309.64,2267.11,2307.93
12/29/2011,3088770048,2323.49,2293.87,2311.36
12/30/2011,3586524416,2349.03,2318.67,2345.74
1/4/2012,3434456576,2365.99,2298.3,2298.75
1/5/2012,4301647872,2316.66,2272.15,2276.39
1/6/2012,3519899136,2291.89,2254.57,2290.6
1/9/2012,5472734208,2368.89,2271.72,2368.57
1/10/2012,8115499008,2449.96,2361.28,2447.35
1/11/2012,5870567424,2453.15,2423.32,2435.61
1/12/2012,4712127488,2464.38,2423.32,2435.22
1/13/2012,4551399936,2445.79,2374.54,2394.33
1/16/2012,3052714496,2394.5,2345.63,2345.65
1/17/2012,6420564992,2462.43,2329.25,2460.6
1/18/2012,6389235712,2485.5,2414.53,2422.19
1/19/2012,5561572352,2480.21,2414.99,2468.35
1/20/2012,5452978176,2510.34,2462.59,2504.09
1/30/2012,4351714816,2508.88,2460.4,2460.72
1/31/2012,3070150144,2472.84,2447.77,2464.26
2/1/2012,3501537280,2481.66,2423.45,2428.99
2/2/2012,4206698496,2486.24,2429.71,2486.24
2/3/2012,4994924032,2514.64,2470.28,2506.09
2/6/2012,4507990528,2520.76,2488.71,2504.32
2/7/2012,3967916288,2489.03,2441.7,2457.95
2/8/2012,5618645504,2534.16,2451,2528.24
2/9/2012,5929975296,2546.02,2513.13,2529.23
2/10/2012,6157587456,2560.03,2521.16,2533.62
2/13/2012,5191397376,2553.45,2496.3,2531.98
2/14/2012,4043010048,2533.26,2506.54,2522.11
2/15/2012,5809036800,2562.07,2511.29,2549.61
2/16/2012,5439543296,2559.34,2519.04,2536.07
2/17/2012,3899471616,2558.34,2522.86,2537.09
2/20/2012,5615332864,2574.75,2539.9,2540.71
2/21/2012,4789480960,2562.91,2520.79,2562.45
2/22/2012,7637665792,2598.86,2560.34,2597.48
2/23/2012,7037712384,2614.54,2590.52,2606.26
2/24/2012,8599970816,2648.02,2602.78,2648.02
2/27/2012,10151403520,2693.84,2656.57,2656.57
2/28/2012,7759253504,2671.83,2641.46,2662.46
2/29/2012,5912020480,2666.65,2631.78,2634.14
3/1/2012,4214844160,2647.78,2621.86,2633.34
3/2/2012,6412203520,2679.93,2637.96,2679.93
3/5/2012,7139545600,2694.61,2660.96,2662.7
3/6/2012,6244715008,2657.96,2615.6,2621.05
3/7/2012,5694873088,2628.58,2594.13,2603
3/8/2012,5754941440,2645.95,2612.4,2635.79
3/9/2012,5525892096,2664.41,2631.41,2664.3
3/12/2012,6232721408,2666.43,2636.42,2654.4
3/13/2012,5840446976,2681.33,2649.17,2681.07
3/14/2012,10842653696,2705.75,2595.34,2605.11
3/15/2012,7256595968,2618.25,2575.44,2585.55
3/16/2012,5809125888,2624.32,2577.25,2623.52
3/19/2012,5764662272,2631.04,2598.63,2630.01
3/20/2012,5811406336,2622.66,2584.02,2584.45
3/21/2012,5800254464,2613.27,2569.07,2587.79
3/22/2012,4492677632,2599.24,2570.45,2583.75
3/23/2012,4332925440,2578.82,2544.52,2552.94
3/26/2012,3181621248,2562.93,2540.7,2555.44
3/27/2012,3594460416,2571.9,2544.37,2547.14
3/28/2012,5000579072,2540.42,2471.03,2474.9
3/29/2012,4613130240,2476.48,2429.73,2443.12
3/30/2012,3702708736,2461.98,2438.49,2454.9
4/5/2012,5433168896,2517.39,2441.27,2512.83
4/6/2012,4236857600,2525.53,2502.7,2519.83
4/9/2012,3537098496,2518.38,2491.59,2495.15
4/10/2012,4133590528,2519.81,2459.35,2519.79
4/11/2012,4251031040,2541.13,2489.32,2520.04
4/12/2012,5648840704,2570.84,2516.57,2570.44
4/13/2012,5309264384,2593.79,2570.03,2580.45
4/16/2012,4083970048,2586.2,2559.78,2574.04
4/17/2012,3781546752,2578.76,2541.53,2541.88
4/18/2012,5868840960,2602.11,2546,2599.91
4/19/2012,4644810752,2606.86,2585.3,2596.06
4/20/2012,6144637952,2627.38,2589.35,2626.84
4/23/2012,5866493952,2632.09,2599.11,2606.04
4/24/2012,7113955840,2640.29,2559.46,2604.87
4/25/2012,6246805504,2631.44,2593.33,2625.99
4/26/2012,5896566784,2643.77,2617.09,2631.49
4/27/2012,4823358464,2637.92,2623.6,2626.16
5/2/2012,8014865408,2697.95,2643.53,2683.49
5/3/2012,5936109056,2693.88,2675.81,2691.52
5/4/2012,6321808384,2716.03,2677.14,2715.88
5/7/2012,6854731264,2717.78,2694.32,2717.78
5/8/2012,6311084032,2717.82,2683.56,2709.12
5/9/2012,5840028160,2685.19,2655.32,2657.51
5/10/2012,4696257536,2667.68,2649.38,2657.21
5/11/2012,4100614400,2666.57,2636.52,2636.92
5/14/2012,5208248320,2656.28,2613.35,2615.53
5/15/2012,4576727040,2618.18,2591.6,2617.37
5/16/2012,4328027136,2612.63,2574.08,2574.65
5/17/2012,4372838912,2619.59,2571.2,2613.94
5/18/2012,4342212608,2603.19,2567.3,2573.98
5/21/2012,3860208896,2604.22,2563.97,2587.23
5/22/2012,4277352960,2627.6,2597.6,2627.52
5/23/2012,4371953152,2635.78,2598.29,2616.87
5/24/2012,4284406528,2630.41,2588.21,2595.26
5/25/2012,3927300352,2602.17,2565.65,2573.1
5/28/2012,5633927680,2614.85,2545.34,2614.69
5/29/2012,7213563904,2658.25,2612.56,2650.85
5/30/2012,5185543680,2655.16,2636.52,2642.26
5/31/2012,4410746880,2645.59,2617.23,2632.04
6/1/2012,4419105792,2653.86,2623.29,2633
6/4/2012,5247849984,2608.32,2558.92,2559.03
6/5/2012,3777990912,2573.89,2548.76,2558.84
6/6/2012,3385769472,2573.74,2547.33,2557.4
6/7/2012,3484118528,2584.04,2536.26,2542.18
6/8/2012,4385642496,2559.13,2520.41,2524.33
6/11/2012,4009826048,2565.43,2523.77,2558.26
6/12/2012,3793667584,2553.92,2529.95,2540.18
6/13/2012,4501456896,2581.11,2539.63,2580.64
6/14/2012,4024793344,2584.71,2558.56,2560.42
6/15/2012,4278607872,2580.17,2538.57,2568.05
6/18/2012,3569362688,2593.22,2572.99,2581.21
6/19/2012,3270055168,2577.36,2556.1,2558.62
6/20/2012,2985063936,2570.66,2549.44,2552.61
6/21/2012,3539673088,2547.05,2502.42,2512.19
6/25/2012,4010673408,2501.16,2455.01,2456.52
6/26/2012,3173400832,2465.12,2434.64,2454.92
6/27/2012,3000755456,2470.76,2444.34,2447.2
6/28/2012,3054311168,2459.19,2425.24,2425.73
6/29/2012,3799494144,2462.81,2417.49,2461.61
7/2/2012,4051007744,2473.97,2452.99,2465.24
7/3/2012,3869335296,2490.55,2457.45,2468.72
7/4/2012,3445214208,2481.34,2456,2464.92
7/5/2012,3472614400,2450.3,2420,2430.37
7/6/2012,4961060352,2477.23,2420.36,2472.61
7/9/2012,4922330112,2470.21,2414.95,2416.04
7/10/2012,3554998528,2426.53,2402.37,2406.71
7/11/2012,3762431232,2427.79,2402.15,2425.57
7/12/2012,5671769088,2460.56,2404.58,2449.18
7/13/2012,3672525568,2467.99,2438.98,2450.63
7/16/2012,4277187072,2452.59,2399.61,2399.73
7/17/2012,3342433024,2421.93,2391.28,2414.2
7/18/2012,4175178752,2420.78,2373.65,2414.33
7/19/2012,4694905344,2444.06,2401.29,2424.32
7/20/2012,3761975552,2423.8,2392.18,2398.46
7/23/2012,3239036928,2379.89,2357.51,2365.43
7/24/2012,3031007744,2392.35,2352.8,2375.99
7/25/2012,2489650176,2381.04,2357.47,2360.08
7/26/2012,3131409408,2374.87,2344.7,2347.49
7/27/2012,3109052416,2364.98,2341.29,2349.11
7/30/2012,3048485120,2367.03,2334,2335.79
7/31/2012,3209972224,2350.07,2329.5,2332.92
8/1/2012,3142084864,2371.12,2331.95,2358.65
8/2/2012,3151616000,2358.56,2325.61,2334.88
8/3/2012,2976978432,2354.16,2329.93,2353.74
8/6/2012,4182066432,2388.36,2348.12,2385.61
8/7/2012,3828548864,2390.78,2379.45,2388.87
8/8/2012,3781044992,2405.18,2382.82,2389.79
8/9/2012,3565895168,2412.14,2378.85,2411.7
8/10/2012,3470299648,2413.42,2395.91,2399.75
8/13/2012,4478354432,2394.5,2350.81,2351.93
8/14/2012,3985006592,2357.85,2324.91,2357.02
8/15/2012,3058017536,2350.02,2330.15,2331.61
8/16/2012,2590290432,2335.4,2317.06,2319.67
8/17/2012,2606571776,2322.89,2295.16,2313.48
8/20/2012,2740203264,2307.41,2279.95,2301.79
8/21/2012,3489510144,2327.38,2296.55,2313.7
8/22/2012,3170841344,2317.37,2285.75,2295.59
8/23/2012,3133534208,2311.65,2285.37,2302.2
8/24/2012,3186959104,2299.3,2274.57,2275.68
8/27/2012,3738619136,2268.49,2228.15,2228.2
8/28/2012,3377361408,2250.6,2222,2238.41
8/29/2012,2901064960,2240.11,2214.43,2214.81
8/30/2012,3549131008,2223.2,2188.72,2211.37
8/31/2012,2596498688,2218.87,2203.12,2204.87
9/3/2012,3854859264,2236.56,2197.71,2228.37
9/4/2012,3485268736,2234.88,2199.51,2204.41
9/5/2012,3475182336,2209.54,2186.96,2199.88
9/6/2012,3169588480,2218.68,2199.86,2217.82
9/7/2012,9452976128,2341.52,2233.91,2317.18
9/10/2012,6533055488,2334.5,2313.57,2326.67
9/11/2012,4626072064,2316.53,2294.82,2311.89
9/12/2012,4962251776,2337.2,2298.3,2320.07
9/13/2012,4204984832,2325.53,2298.37,2298.46
9/14/2012,6157181440,2332.42,2298.83,2315.54
9/17/2012,4898473472,2314.99,2258.18,2258.71
9/18/2012,3322869504,2253.14,2228.04,2235.24
9/19/2012,3434970624,2249.24,2229.49,2246.24
9/20/2012,4254577920,2236.19,2194.22,2195.95
9/21/2012,3812059392,2217.47,2186.53,2199.06
9/24/2012,3750168576,2225.8,2172.88,2215.52
9/25/2012,2787702016,2225.33,2202.38,2210.15
9/26/2012,2745462528,2216.82,2181.08,2184.89
9/27/2012,5301689856,2266.3,2185.77,2251.72
9/28/2012,5787582464,2297.03,2234.32,2293.11
10/8/2012,3553442304,2305.18,2258.11,2270.05
10/9/2012,5254888448,2327.73,2281.75,2320.16
10/10/2012,4268623872,2325.75,2304.61,2324.12
10/11/2012,4130065664,2321.35,2300.93,2302.53
10/12/2012,3687414528,2332.15,2287.01,2304.53
10/15/2012,2865174528,2307.88,2278.46,2294.86
10/16/2012,3205967872,2315.45,2287.59,2298.16
10/17/2012,3334940928,2312.17,2280.82,2300.8
10/18/2012,5061510144,2341.12,2305.88,2336.08
10/19/2012,3592773120,2342.53,2328.73,2332.47
10/22/2012,3436828672,2347.89,2315.89,2341.59
10/23/2012,3722127104,2344.04,2309.25,2312.08
10/24/2012,3754244608,2321.43,2302.17,2307.78
10/25/2012,4435152896,2322.92,2288.6,2291.24
10/26/2012,4090051840,2293.18,2237.06,2247.91
10/29/2012,2758132480,2248.14,2227.65,2235.85
10/30/2012,3408312576,2257.95,2231.78,2239.88
10/31/2012,3716979456,2256.09,2233.68,2254.82
11/1/2012,5076172800,2305.63,2256.41,2297.88
11/2/2012,3983328768,2309.67,2284.72,2306.77
11/5/2012,3951037184,2318.23,2290.14,2301.88
11/6/2012,3928062720,2304.05,2260.51,2292.21
11/7/2012,3306740224,2300.89,2277.02,2287.5
11/8/2012,3542647552,2275.4,2245.4,2245.41
11/9/2012,3050696704,2252.2,2235.23,2240.92
11/12/2012,3472168448,2254.7,2232.74,2251.85
11/13/2012,3408370432,2250.84,2208.72,2212.44
11/14/2012,2675878912,2225.12,2206,2223.11
11/15/2012,2831915008,2220.99,2193.52,2193.62
11/16/2012,3024778496,2191.61,2162.98,2177.24
11/19/2012,2697866752,2176.49,2149.54,2174.99
11/20/2012,2394891520,2184.33,2163.53,2164.88
11/21/2012,3050848256,2195.46,2151.38,2194.9
11/22/2012,2291235072,2185.58,2169.66,2177.55
11/23/2012,2866749184,2202.47,2179.73,2192.68
11/26/2012,2474269440,2191.36,2172.1,2175.6
11/27/2012,3194674688,2173.46,2150.22,2150.64
11/28/2012,3000933888,2144.8,2126.03,2129.16
11/29/2012,2967062528,2140.88,2114.48,2115.68
11/30/2012,3640691200,2142.86,2109.96,2139.66
12/3/2012,4018676224,2152.61,2108.15,2108.85
12/4/2012,3622591488,2135.66,2102.14,2131.47
12/5/2012,8248710144,2219.09,2126.79,2207.88
12/6/2012,4857468928,2216.98,2191.23,2203.6
12/7/2012,7616974848,2250.53,2198.11,2246.76
12/10/2012,7337547264,2276.28,2250.44,2271.05
12/11/2012,5146870272,2274.99,2254.3,2258.5
12/12/2012,4500645376,2273.21,2247.95,2267.77
12/13/2012,4194210048,2266.72,2242.56,2242.64
12/14/2012,11089256448,2357.11,2245.64,2355.86
12/17/2012,9408819200,2380,2358.66,2366.7
12/18/2012,8578484736,2398.63,2347.08,2368.12
12/19/2012,6329252864,2387.14,2358.03,2371.11
12/20/2012,6565545984,2391.92,2346.55,2384.82
12/21/2012,6871415808,2414.22,2365.03,2372
12/24/2012,5308700160,2396.73,2367.04,2381.22
12/25/2012,9550234624,2459.3,2365.41,2448.39
12/26/2012,7159182848,2458.01,2441.64,2457.62
12/27/2012,7325506560,2479.79,2443.68,2444.59
12/28/2012,6716632064,2481.59,2444.38,2480.05
12/31/2012,8200229376,2522.95,2485.56,2522.95
1/4/2013,9798817792,2558.53,2498.89,2524.41
1/7/2013,7516799488,2545.97,2511.6,2535.99
1/8/2013,7183710208,2540.51,2502.49,2525.33
1/9/2013,7023116800,2534.24,2504.3,2526.13
1/10/2013,7108585984,2553.35,2513.73,2530.57
1/11/2013,7423917568,2539.79,2473.7,2483.23
1/14/2013,9355409408,2583.63,2474,2577.73
1/15/2013,9862080512,2605.41,2576.92,2595.86
1/16/2013,9353608192,2600.09,2540.52,2577.09
1/17/2013,6991523840,2575.06,2539.67,2552.76
1/18/2013,7794030080,2607.45,2553.45,2595.44
1/21/2013,8413373952,2611.2,2582.65,2610.9
1/22/2013,10576627712,2620.02,2578.18,2596.9
1/23/2013,7573944320,2611.41,2576.36,2607.46
1/24/2013,11127716864,2663.4,2564.21,2582.75
1/25/2013,5848735744,2591.51,2567.11,2571.67
1/28/2013,9127479296,2651.97,2577.27,2651.86
1/29/2013,10104023040,2685.53,2646.15,2675.87
1/30/2013,9987499008,2689.68,2662.06,2688.71
1/31/2013,9674009600,2696.88,2671.33,2686.88
2/1/2013,10387951616,2744.32,2671.27,2743.32
2/4/2013,12793917440,2768.5,2731.08,2748.03
2/5/2013,11613081600,2779.95,2725.36,2771.68
2/6/2013,8277926912,2787.46,2765.74,2775.84
2/7/2013,8997814272,2775.97,2722.87,2759.87
2/8/2013,7742964224,2791.3,2747.95,2771.73
2/18/2013,7643822592,2787.74,2731.51,2737.47
2/19/2013,8062643200,2740.74,2674.34,2685.61
2/20/2013,7001937408,2703.1,2665.23,2702.64
2/21/2013,10065798144,2675.74,2584.76,2610.55
2/22/2013,6020485120,2618.48,2591.15,2596.6
2/25/2013,5316194304,2628.7,2590.79,2604.96
2/26/2013,8000306688,2631.09,2564.67,2567.59
2/27/2013,6322674176,2615.25,2569.38,2594.68
2/28/2013,8692259840,2673.71,2594,2673.33
3/1/2013,7334375424,2680.85,2627,2668.84
3/4/2013,11061910528,2619.57,2528.69,2545.72
3/5/2013,8966115328,2623.17,2541.77,2622.81
3/6/2013,9582964736,2658.14,2620.43,2650.2
3/7/2013,9408266240,2658.97,2592.87,2619.48
3/8/2013,5942955520,2632.62,2601.96,2606.93
3/11/2013,5094643712,2611.65,2574.17,2592.37
3/12/2013,7193513984,2619.51,2530.25,2555.61
3/13/2013,5643045888,2556.77,2515.06,2527.49
3/14/2013,4760575488,2546.7,2514.46,2534.27
3/15/2013,8137218560,2600.09,2504.46,2539.87
3/18/2013,5981277696,2544.62,2499.83,2502.49
3/19/2013,5453647360,2532.07,2491.85,2525.1
3/20/2013,9070062592,2610.17,2526.83,2610.17
3/21/2013,6955275776,2626.54,2598.51,2614.99
3/22/2013,5564713984,2625.53,2603.34,2618.31
3/25/2013,5626140160,2641.61,2607.61,2613.1
3/26/2013,6396296192,2607.36,2554.97,2575.05
3/27/2013,5690651648,2611.94,2566.34,2583.53
3/28/2013,8757840896,2535.99,2495.08,2499.3
3/29/2013,5240213504,2509.11,2482.49,2495.08
4/1/2013,4734602240,2507.82,2483.73,2493.19
4/2/2013,5568415232,2524.46,2475,2486.39
4/3/2013,4556422144,2507.14,2474.93,2483.55
4/8/2013,5329677312,2473.31,2429.5,2472.3
4/9/2013,5238982656,2505.29,2477.29,2489.43
4/10/2013,4750491136,2495.57,2466.19,2485.31
4/11/2013,4298995712,2508.59,2476.4,2477.88
4/12/2013,3991727872,2489.12,2460.18,2462.11
4/15/2013,4653973504,2461.67,2430.15,2436.82
4/16/2013,5528061440,2461.05,2416.62,2459.59
4/17/2013,4469216256,2465.2,2437.34,2458.47
4/18/2013,4286070784,2478.41,2434.73,2464.85
4/19/2013,7552087552,2542.45,2469.32,2533.83
4/22/2013,6251188224,2539.05,2518.26,2530.67
4/23/2013,6065398272,2532.2,2448.2,2449.47
4/24/2013,6305091584,2511.2,2446.59,2495.58
4/25/2013,6055792640,2505.48,2456.57,2467.88
4/26/2013,4712337920,2488.58,2439.8,2447.31
5/2/2013,4701608960,2453.75,2423.08,2449.64
5/3/2013,6233009152,2521.12,2457.54,2492.91
5/6/2013,6041878016,2533.86,2500.46,2525.98
5/7/2013,5449064448,2539.3,2507.76,2529.94
5/8/2013,5955429376,2562.01,2531.25,2542.8
5/9/2013,6024014336,2543.3,2507.79,2527.79
5/10/2013,4881672704,2546.98,2515.16,2540.84
5/13/2013,5175537152,2547.6,2516.73,2530.77
5/14/2013,5488006656,2526.14,2479.87,2493.34
5/15/2013,4418966016,2507.43,2491.93,2506.93
5/16/2013,7079618048,2553.06,2487.76,2552.71
5/17/2013,8185080320,2598.71,2547.78,2592.05
5/20/2013,8633780224,2627.62,2590.05,2609.61
5/21/2013,7150599168,2617.4,2594.25,2614.85
5/22/2013,7419181568,2630.07,2603.75,2618.03
5/23/2013,8482536960,2624.08,2579.35,2582.85
5/24/2013,6073967104,2608.35,2572.88,2597.23
5/27/2013,6419508224,2611.97,2589.74,2599.59
5/28/2013,8419611136,2644.36,2585.9,2644.36
5/29/2013,7927771136,2661.23,2640.88,2642.56
5/30/2013,7014637056,2647.44,2623.58,2634.32
5/31/2013,6252853248,2645.56,2604.75,2606.43
6/3/2013,5977446912,2625.94,2596.05,2602.62
6/4/2013,6631575040,2600.5,2556.06,2565.67
6/5/2013,4563719168,2570.03,2545.19,2560.54
6/6/2013,5249652736,2557.68,2525.31,2527.84
6/7/2013,6103089152,2538.89,2475.69,2484.16
6/13/2013,6973006336,2448.72,2375.2,2399.94
6/14/2013,5596453376,2420.36,2396.49,2416.77
6/17/2013,5039570944,2427.53,2394.39,2403.84
6/18/2013,4863037952,2424.2,2393.32,2418.75
6/19/2013,5434626048,2408.28,2366.35,2400.76
6/20/2013,5520101888,2386.1,2320.23,2321.47
6/21/2013,5870579712,2332.84,2269.56,2317.39
6/24/2013,8659726336,2308.07,2164.32,2171.21
6/25/2013,10755487744,2169.21,2023.17,2165.42
6/26/2013,7925642752,2181.02,2131.86,2168.3
6/27/2013,7540675072,2200.21,2153.18,2160.74
6/28/2013,7945132544,2227.46,2139.37,2200.64
7/1/2013,5772622848,2213.97,2166.35,2213.32
7/2/2013,6183884800,2226.11,2191.8,2221.98
7/3/2013,6583602176,2211.04,2169.14,2203.83
7/4/2013,7258114560,2245.91,2176.08,2221.98
7/5/2013,6182177792,2252.03,2225.05,2226.85
7/8/2013,5478249472,2205.21,2162.19,2163.62
7/9/2013,4149443328,2174.79,2149.79,2162.67
7/10/2013,6114978304,2224.14,2157.47,2224.06
7/11/2013,12579318784,2351.22,2232.16,2326.69
7/12/2013,8973307904,2331.99,2274.07,2275.37
7/15/2013,7475788288,2336.04,2274.67,2307.3
7/16/2013,6562415616,2317.85,2281.94,2317.85
7/17/2013,6765524992,2326.93,2281.61,2282.84
7/18/2013,5714429440,2282.44,2241.93,2245.33
7/19/2013,7053528064,2257.92,2188.75,2190.48
7/22/2013,5328349696,2203.06,2159.81,2202.19
7/23/2013,7480973312,2276.74,2206.76,2265.84
7/24/2013,6959230464,2265.58,2217.19,2249.15
7/25/2013,6577431552,2268.84,2227.85,2237.68
7/26/2013,4894109696,2238.42,2209.81,2224.01
7/29/2013,5460092416,2205.08,2169.02,2175.97
7/30/2013,5519362048,2221.59,2162.98,2189.39
7/31/2013,4832705536,2235.38,2187.21,2193.02
8/1/2013,6260399616,2245.56,2200.63,2245.36
8/2/2013,6089089536,2274.71,2244.25,2247.26
8/5/2013,5534215168,2278.33,2243.22,2278.33
8/6/2013,7374689280,2302.48,2256.72,2293.64
8/7/2013,7304869376,2313.88,2276.86,2280.62
8/8/2013,5309842944,2297.63,2267.07,2276.78
8/9/2013,6460001792,2301.59,2258.33,2286.01
8/12/2013,9786321920,2352.89,2293.18,2352.79
8/13/2013,7839363584,2360.83,2340.73,2359.07
8/14/2013,7594212864,2386.6,2340.83,2349.08
8/15/2013,6195185152,2362.09,2319.78,2321.58
8/16/2013,12036956160,2423.08,2295.02,2304.14
8/19/2013,7248322560,2340.19,2284.08,2331.43
8/20/2013,7308634624,2353.41,2303.67,2312.47
8/21/2013,5500738560,2321.64,2291.05,2308.59
8/22/2013,5533810688,2329.14,2297.02,2303.93
8/23/2013,6896713216,2321.04,2251.92,2286.93
8/26/2013,7037104128,2336.38,2288.5,2335.62
8/27/2013,6599033344,2345.11,2322.46,2340.88
8/28/2013,8925617152,2345.36,2307.04,2328.06
8/29/2013,6608541696,2342.32,2308.14,2318.31
8/30/2013,8765451264,2334.41,2303.61,2313.91
9/2/2013,7951025152,2329.87,2297.45,2320.34
9/3/2013,8055400448,2354.86,2321.3,2354.5
9/4/2013,7872576512,2360.66,2345.44,2350.7
9/5/2013,6295138304,2351.22,2336.75,2341.74
9/6/2013,7334011392,2361.18,2335.93,2357.78
9/9/2013,14988963840,2449.25,2372.69,2440.61
9/10/2013,15485599744,2475.2,2435.83,2474.89
9/11/2013,16691496960,2504.47,2471.62,2482.89
9/12/2013,14517317632,2527.38,2469.72,2507.46
9/13/2013,11077505024,2515.78,2481.45,2488.9
9/16/2013,10538328064,2503.69,2467.13,2478.39
9/17/2013,9945998336,2481.71,2426.46,2427.32
9/18/2013,7104075776,2439.63,2407.24,2432.51
9/23/2013,8012835328,2473.16,2439.99,2472.29
9/24/2013,9785300992,2470.75,2420.08,2443.89
9/25/2013,9051841536,2455.04,2423.28,2429.03
9/26/2013,8623677440,2422.63,2382.53,2384.44
9/27/2013,6597150720,2402.2,2379.86,2394.97
9/30/2013,5951399424,2415.07,2397.22,2409.04
10/8/2013,8478550528,2446.7,2392.57,2441.81
10/9/2013,7627764224,2453.75,2424.77,2453.58
10/10/2013,9032970240,2455.98,2422.02,2429.32
10/11/2013,9338825728,2471.17,2439.63,2468.51
10/14/2013,10008130560,2483.13,2462.55,2472.54
10/15/2013,8917349376,2479.13,2449.42,2467.52
10/16/2013,8897983488,2459.08,2409.72,2421.37
10/17/2013,7122247168,2440.92,2407.78,2413.33
10/18/2013,6029163008,2435.71,2410.6,2426.05
10/21/2013,8490979328,2472.78,2423.56,2471.32
10/22/2013,9070303232,2470.25,2439.86,2445.89
10/23/2013,9154535424,2474.37,2412.48,2418.49
10/24/2013,6456081920,2422.94,2395.47,2400.51
10/25/2013,7707018240,2413.33,2353.99,2368.56
10/28/2013,6287615488,2377.25,2351.86,2365.95
10/29/2013,10673782784,2408.62,2327.9,2372.05
10/30/2013,9217812480,2407.85,2365.51,2407.47
10/31/2013,8273696256,2398.39,2370.23,2373.72
11/1/2013,6305575936,2395,2365.15,2384.96
11/4/2013,5179846144,2404.9,2376.36,2380.45
11/5/2013,6208449024,2385.69,2343.8,2383.77
11/6/2013,6377666048,2383.54,2352.79,2353.57
11/7/2013,5482174464,2356.67,2328.25,2340.55
11/8/2013,5378850816,2342.67,2306.04,2307.95
11/11/2013,4573945856,2325.23,2295,2315.89
11/12/2013,5268754432,2342.53,2316.6,2340
11/13/2013,5984883200,2325.56,2287.55,2288.12
11/14/2013,5731035648,2305.7,2279.01,2304.5
11/15/2013,8639176704,2377.21,2306.55,2350.73
11/18/2013,11003463680,2429.57,2361.04,2428.9
11/19/2013,7864829440,2427.93,2405.08,2412.16
11/20/2013,7229179904,2435.43,2406.42,2424.85
11/21/2013,8770667520,2415.38,2382.88,2409.99
11/22/2013,7500067328,2419,2393.58,2397.96
11/25/2013,6614473216,2418.85,2380.69,2388.63
11/26/2013,5918586368,2399.02,2380.41,2387.42
11/27/2013,7529409024,2422.81,2383.78,2414.48
11/28/2013,9066040320,2460.56,2417.24,2439.53
11/29/2013,6180374528,2446.39,2432.39,2438.94
12/2/2013,11965512704,2464.86,2397.01,2418.79
12/3/2013,7445575168,2448.33,2406.66,2442.78
12/4/2013,10265023488,2486.64,2434.69,2475.14
12/5/2013,7770893312,2481.75,2460.58,2468.2
12/6/2013,6611408896,2470.81,2445.62,2452.29
12/9/2013,5716488192,2468.95,2445.94,2450.87
12/10/2013,6694142464,2466.66,2444.53,2453.32
12/11/2013,6807514624,2440.5,2400.74,2412.76
12/12/2013,5014771712,2423.31,2402.77,2410.01
12/13/2013,5150119424,2416.26,2386.25,2406.64
12/16/2013,6458167296,2412.73,2367.43,2367.92
12/17/2013,4848389120,2373.29,2351.18,2356.38
12/18/2013,4001520640,2368.58,2350.45,2357.23
12/19/2013,4809567744,2370.99,2331.19,2332.41
12/20/2013,6520420864,2338.88,2278.1,2278.14
12/23/2013,4558028288,2295.76,2259.57,2284.6
12/24/2013,4559916544,2312.83,2270.25,2288.25
12/25/2013,4400532480,2305.61,2281.6,2305.11
12/26/2013,5149756416,2301.49,2263.92,2265.33
12/27/2013,5338915840,2315.18,2264.39,2303.48
12/30/2013,4841431040,2316.62,2295.64,2299.46
12/31/2013,5663107072,2333.07,2287.12,2330.03
1/2/2014,4519429120,2325.99,2310.65,2321.98
1/3/2014,5978264576,2314.84,2280.89,2290.78
1/6/2014,6630040576,2286.37,2229.33,2238.64
1/7/2014,4375310336,2246.79,2218.65,2238
1/8/2014,5134885376,2262.58,2228.42,2241.91
1/9/2014,5598704128,2258.89,2220.8,2222.22
1/10/2014,5416929280,2224.49,2200.22,2204.85
1/13/2014,5012277248,2222.07,2183.6,2193.68
1/14/2014,5404994560,2214.12,2179.91,2212.85
1/15/2014,4896239616,2215.9,2193.8,2208.94
1/16/2014,5229890048,2227.26,2201.56,2211.84
1/17/2014,5027315712,2205.97,2175.88,2178.49
1/20/2014,4056015360,2182.46,2156.46,2165.99
1/21/2014,4030624768,2197.92,2168.42,2187.41
1/22/2014,7064137728,2244.13,2187.53,2243.8
1/23/2014,5634595328,2248.92,2228.06,2231.89
1/24/2014,6116767232,2257.36,2222.89,2245.68
1/27/2014,7034424832,2233.23,2211.8,2215.92
1/28/2014,5326913024,2233.26,2205.97,2219.86
1/29/2014,5022271488,2233.06,2219.93,2227.78
1/30/2014,4363230208,2223.16,2200.22,2202.45
2/7/2014,5045931520,2212.5,2177.12,2212.48
2/10/2014,8306571776,2270.19,2221.54,2267.53
2/11/2014,9922982912,2296.52,2262.6,2285.56
2/12/2014,7659216384,2294.32,2276.44,2291.25
2/13/2014,9621778432,2307.47,2278.26,2279.55
2/14/2014,6708299776,2295.85,2274.43,2295.57
2/17/2014,8783166464,2315.58,2293.55,2311.65
2/18/2014,8704973824,2310.31,2276.11,2282.44
2/19/2014,9935256576,2317.42,2274.15,2308.66
2/20/2014,10643953664,2331.7,2286.2,2287.44
2/21/2014,7636899328,2287.87,2250.65,2264.29
2/24/2014,8921593856,2246.72,2194.16,2214.51
2/25/2014,9323755520,2225.21,2150.09,2157.91
2/26/2014,7799329792,2164.7,2137.08,2163.41
2/27/2014,9010429952,2180.06,2150.14,2154.11
2/28/2014,7666805760,2180.47,2133.55,2178.97
3/3/2014,8207231488,2194.22,2167.91,2190.37
3/4/2014,7306925056,2188.6,2161.59,2184.27
3/5/2014,6133201408,2189.09,2159.59,2163.98
3/6/2014,6909376512,2181.43,2136.45,2173.63
3/7/2014,6426517504,2189.39,2161.44,2168.36
3/10/2014,7111352832,2149.68,2095.07,2097.79
3/11/2014,5762124288,2118.79,2088.73,2108.66
3/12/2014,7006974976,2130.59,2090.76,2114.13
3/13/2014,6922603008,2149.44,2115.99,2140.33
3/14/2014,5861773824,2140.38,2109.57,2122.84
3/17/2014,5240944640,2143.2,2118.95,2143.04
3/18/2014,5535413248,2152.46,2134.92,2138.13
3/19/2014,5930390528,2131.28,2101.28,2120.87
3/20/2014,6763128320,2134.79,2086.5,2086.97
3/21/2014,10402481152,2163.23,2077.76,2158.8
3/24/2014,10449198080,2186.73,2150.87,2176.55
3/25/2014,8687751168,2191.49,2164.67,2174.44
3/26/2014,5827617792,2186.08,2165.22,2171.05
3/27/2014,7127513088,2186.89,2146.92,2155.71
3/28/2014,7008607232,2172.67,2144.58,2151.97
3/31/2014,5545748992,2165.25,2134.42,2146.3
4/1/2014,4886640128,2170.09,2141.15,2163.11
4/2/2014,6503925760,2182.68,2164.01,2180.73
4/3/2014,7153603072,2196.14,2160.75,2165.01
4/4/2014,4794588672,2186.15,2155.28,2185.47
4/8/2014,9721911296,2243.97,2178.91,2237.32
4/9/2014,6635726848,2246.79,2228.99,2238.62
4/10/2014,11454540800,2290.74,2229.51,2273.76
4/11/2014,9061590016,2281.11,2261.13,2270.67
4/14/2014,6226500096,2275.83,2255.46,2268.61
4/15/2014,6821813248,2261.47,2225.69,2229.46
4/16/2014,5167800832,2245.31,2221.15,2232.53
4/17/2014,4833362944,2241.62,2221.95,2224.8
4/18/2014,5075799552,2228.77,2203.05,2224.48
4/21/2014,5627827712,2231.71,2186.75,2187.25
4/22/2014,5709469184,2196.85,2165.07,2196.79
4/23/2014,4776353280,2205.59,2187.39,2194.67
4/24/2014,4505891328,2209.45,2186.76,2190.47
4/25/2014,6024538112,2201.71,2167.64,2167.83
4/28/2014,6048518656,2171.39,2132.7,2134.97
4/29/2014,4820493312,2159.38,2131.78,2158.47
4/30/2014,4533462528,2164.18,2153.12,2158.66
5/5/2014,4934407168,2161.7,2131.23,2156.47
5/6/2014,4808651776,2173.62,2150.11,2157.33
5/7/2014,4460746752,2153.72,2136.99,2137.32
5/8/2014,4833245184,2168.21,2128.32,2135.5
5/9/2014,4918113280,2141.56,2120.59,2133.91
5/12/2014,8347255808,2184.33,2139.48,2180.05
5/13/2014,6491251712,2185.05,2167.77,2174.85
5/14/2014,4851420672,2184.22,2169,2172.37
5/15/2014,4673403392,2171.45,2142.34,2144.08
5/16/2014,4225319680,2150.5,2132.19,2145.95
5/19/2014,4289360640,2139.36,2105.71,2115.14
5/20/2014,3729968128,2131.57,2110.72,2115.77
5/21/2014,3894604032,2136.1,2096.51,2135.91
5/22/2014,4625273856,2160.91,2128.86,2130.87
5/23/2014,3762310400,2148.58,2128.66,2148.41
5/26/2014,3955065600,2165.42,2147.45,2155.98
5/27/2014,3589716992,2160.03,2145.75,2147.28
5/28/2014,5005625856,2171.17,2142.01,2169.35
5/29/2014,4489155584,2178.09,2154.93,2155.16
5/30/2014,4392386560,2166.91,2146.22,2156.46
6/3/2014,4198295552,2169,2149.29,2149.92
6/4/2014,4181724928,2149.45,2117.31,2128.27
6/5/2014,3647742464,2150.93,2123.52,2150.6
6/6/2014,3573805824,2149.78,2123.98,2134.72
6/9/2014,3931106048,2153.9,2126.67,2134.28
6/10/2014,5050790400,2161.53,2132.45,2161.27
6/11/2014,4256371712,2163.61,2152.08,2160.77
6/12/2014,4302584320,2160.99,2148.41,2153.41
6/13/2014,5925287424,2183.64,2150.57,2176.24
6/16/2014,6329687552,2196.34,2174.28,2191.86
6/17/2014,4993366528,2185.68,2168.45,2169.67
6/18/2014,4946389504,2172.55,2158.5,2160.24
6/19/2014,5316264448,2166.41,2119.5,2126.91
6/20/2014,4239372032,2137.03,2120.81,2136.73
6/23/2014,4117925888,2147.23,2132.45,2134.11
6/24/2014,4016435712,2145.21,2130.29,2144.82
6/25/2014,3766609920,2141.73,2126.03,2133.37
6/26/2014,4435116544,2151.11,2134.89,2149.08
6/27/2014,5272289792,2159.53,2138.93,2150.26
6/30/2014,5430418944,2168.22,2152.31,2165.12
7/1/2014,5332310016,2171.15,2157.13,2164.56
7/2/2014,5968549888,2171.51,2155.61,2170.87
7/3/2014,6369069056,2184.96,2164.84,2180.19
7/4/2014,5285110784,2183.8,2174.07,2178.7
7/7/2014,5024233472,2186.2,2171.08,2176.29
7/8/2014,5074359808,2180.78,2163.36,2180.47
7/9/2014,6202204672,2178.51,2148.26,2148.71
7/10/2014,5573249536,2151.77,2139.52,2142.85
7/11/2014,6137427456,2154.74,2134.79,2148.01
7/14/2014,6615886336,2171.9,2145.28,2171.76
7/15/2014,7181569536,2176.27,2165.21,2174.98
7/16/2014,8156022784,2183.25,2166.77,2170.87
7/17/2014,5945356800,2166.93,2147.08,2157.07
7/18/2014,6547329536,2176.32,2145.45,2164.14
7/21/2014,5417226240,2171.94,2158.96,2166.29
7/22/2014,7854258176,2197.59,2162.24,2192.7
7/23/2014,8421387264,2210.28,2190.55,2197.83
7/24/2014,11943553024,2239.81,2199.83,2237.01
7/25/2014,9897283584,2260.89,2239.07,2260.45
7/28/2014,17986932736,2331.47,2272.38,2323.9
7/29/2014,13426964480,2342.77,2316.22,2331.37
7/30/2014,12302282752,2339.04,2316.06,2322.01
7/31/2014,11098776576,2350.55,2316.58,2350.25
8/1/2014,12631739392,2371.5,2328.97,2329.4
8/4/2014,11671375872,2375.62,2332.14,2375.62
8/5/2014,11186179072,2380.77,2353.79,2369.35
8/6/2014,11634183168,2371.67,2334.33,2363.22
8/7/2014,11672921088,2369.2,2326.27,2327.46
8/8/2014,8673969152,2339.27,2319.29,2331.13
8/11/2014,9160117248,2367,2337.01,2365.35
8/12/2014,9182261248,2361.17,2344.72,2357.05
8/13/2014,11044779008,2370.51,2335.69,2358.9
8/14/2014,9796948992,2363.18,2334.08,2335.95
8/15/2014,9359254528,2366.9,2333.12,2360.64
8/18/2014,10450955264,2379.8,2361.2,2374.56
8/19/2014,11585002496,2379.47,2358.97,2374.77
8/20/2014,10128808960,2375.48,2360.84,2366.14
8/21/2014,10069020672,2367.46,2333.3,2354.24
8/22/2014,8982393856,2368.46,2350.99,2365.36
8/25/2014,9737371648,2367.61,2338.46,2342.86
8/26/2014,9384422400,2350.39,2317.18,2324.09
8/27/2014,6767622144,2336.74,2322.89,2327.59
8/28/2014,7049065472,2336.36,2309.64,2311.28
8/29/2014,6321142272,2338.77,2313.26,2338.29
9/1/2014,7732086784,2355.55,2338.53,2355.32
9/2/2014,11443673088,2387.66,2349.95,2386.46
9/3/2014,12973420544,2414.26,2389.68,2408.84
9/4/2014,11127229440,2427.3,2404.08,2426.22
9/5/2014,13355175936,2450.63,2427.99,2449.26
9/9/2014,11819433984,2454.89,2437.08,2445.22
9/10/2014,10917552128,2437.08,2422.65,2432.43
9/11/2014,13298257920,2461.47,2417.27,2423.45
9/12/2014,10916017152,2438.36,2412.62,2438.36
9/15/2014,12224715776,2439.25,2418.96,2437.19
9/16/2014,18674278400,2442.92,2386.98,2388.76
9/17/2014,12526902272,2405.37,2379.09,2401.33
9/18/2014,11592637440,2414.95,2389.62,2408.66
9/19/2014,10181357568,2430.15,2402.31,2425.21
9/22/2014,10224087040,2419.33,2374.11,2378.92
9/23/2014,8403334144,2402.48,2379.52,2399.46
9/24/2014,14271352832,2443.98,2387.07,2441.86
9/25/2014,13866188800,2462.67,2429.59,2436.97
9/26/2014,10029949952,2439.65,2420.5,2437.2
9/29/2014,12340172800,2453.67,2435.61,2447.8
9/30/2014,11580423168,2454.89,2444.2,2450.99
10/8/2014,12195360768,2478.38,2445.27,2478.38
10/9/2014,13792392192,2488.11,2461.11,2481.96
10/10/2014,14763430912,2482.14,2457.68,2466.79
10/13/2014,13159335936,2460.39,2430.55,2454.95
10/14/2014,12739369984,2467.9,2436.34,2446.56
10/15/2014,13580188672,2465.5,2431.19,2463.87
10/16/2014,15816659968,2480.3,2441.82,2444.39
10/17/2014,13275999232,2456.11,2410.4,2441.73
10/20/2014,9143539712,2456.62,2441.9,2454.71
10/21/2014,9624190976,2459.25,2432.55,2433.39
10/22/2014,8865618944,2447.47,2417.56,2418.64
10/23/2014,10349184000,2424.66,2392.53,2395.94
10/24/2014,7497486848,2404.99,2385.73,2390.71
10/27/2014,7386244608,2377.54,2361.68,2368.83
10/28/2014,10152305664,2416.77,2373.16,2416.65
10/29/2014,15858406400,2461.27,2415.7,2451.38
10/30/2014,18962634752,2474.38,2443.76,2468.93
10/31/2014,23917240320,2512.19,2466.5,2508.32
11/3/2014,20580122624,2524.17,2502.06,2512.55
11/4/2014,21824700416,2517.46,2498.61,2513.17
11/5/2014,19049185280,2519.4,2499.23,2503.45
11/6/2014,14965111808,2510.99,2482.98,2506.07
11/7/2014,20876091392,2541.55,2489.42,2502.15
11/10/2014,22659973120,2565.73,2514.71,2565.73
11/11/2014,32371165184,2602.37,2532.57,2558.61
11/12/2014,18468626432,2594.32,2539.6,2594.32
11/13/2014,21981560832,2607.52,2567.46,2579.75
11/14/2014,16504996864,2581.93,2557.67,2581.09
11/17/2014,15847809024,2614.09,2565.94,2567.1
11/18/2014,14294135808,2570.21,2534.93,2541.42
11/19/2014,12214696960,2550.5,2531.32,2537.22
11/20/2014,10614986752,2545.47,2522.84,2537.1
11/21/2014,15102814208,2585.36,2530.03,2583.46
11/24/2014,27983972352,2667.67,2602.94,2649.26
11/25/2014,22261170176,2686.06,2643.84,2685.56
11/26/2014,24396249088,2723.36,2690.31,2723.02
11/27/2014,26546472960,2754.49,2718.7,2754.49
11/28/2014,37532364800,2809.54,2740.37,2808.82
12/1/2014,36548743168,2855.33,2808.65,2819.81
12/2/2014,36146532352,2944.51,2804.29,2923.94
12/3/2014,46615666688,3028.23,2912.25,2967.55
12/4/2014,42681290752,3104.89,2968.88,3104.35
12/5/2014,52488126464,3195.8,3011.94,3124.89
12/8/2014,48446234624,3270.88,3075.7,3252.88
12/9/2014,63287455744,3387.83,3074.52,3106.91
12/10/2014,42501869568,3229.05,3058.19,3221.55
12/11/2014,36709167104,3254.42,3158.44,3183.01
12/12/2014,30106531840,3239.45,3167.93,3193.23
12/15/2014,29019383808,3226.22,3143.3,3217.23
12/16/2014,35812384768,3303.4,3207.69,3303.4
12/17/2014,44814077952,3368.19,3275.74,3360.6
12/18/2014,35597021184,3393.71,3322.23,3345.93
12/19/2014,41121157120,3397.18,3280.92,3383.17
12/22/2014,54980165632,3455.21,3357.66,3394.48
12/23/2014,36973608960,3431.78,3316.91,3324.92
12/24/2014,31744958464,3340.36,3188.5,3230.39
12/25/2014,30979954688,3335.78,3226.32,3335.42
12/26/2014,38461411328,3453.34,3335.01,3445.84
12/29/2014,42501505024,3524.28,3405.84,3455.46
12/30/2014,32823388160,3491.83,3422.17,3457.55
12/31/2014,34593476608,3542.34,3452.5,3533.71
1/5/2015,45119811584,3669.04,3551.51,3641.54
1/6/2015,42096218112,3683.23,3587.23,3641.06
1/7/2015,32019124224,3671.19,3601.7,3643.79
1/8/2015,29500305408,3659.95,3552.1,3559.26
1/9/2015,34998267904,3689.75,3536.39,3546.72
1/12/2015,26656716800,3560.53,3461.32,3513.58
1/13/2015,18715396096,3550.16,3494.77,3514.04
1/14/2015,19601250304,3547.24,3471.56,3502.42
1/15/2015,23781234688,3604.12,3482.27,3604.12
1/16/2015,28268161024,3662.16,3601.26,3635.15
1/19/2015,32950528000,3497.25,3330.98,3355.16
1/20/2015,29784324096,3419.2,3325.68,3396.22
1/21/2015,33792821248,3557.79,3409.43,3548.89
1/22/2015,26885359616,3576.76,3520.05,3567.61
1/23/2015,28017217536,3627.81,3548.63,3571.73
1/26/2015,23976620032,3611.62,3559.38,3607.99
1/27/2015,28766918656,3616.26,3510.02,3574.93
1/28/2015,21622022144,3583.31,3512.39,3525.32
1/29/2015,21161885696,3505.58,3453.9,3481.8
1/30/2015,19647916032,3514.22,3431.94,3434.39
2/2/2015,19518369792,3407.26,3347.08,3353.96
2/3/2015,19284609024,3441.71,3360.72,3437.45
2/4/2015,19130435584,3476.82,3399.56,3401.77
2/5/2015,25043060736,3487.95,3366.86,3366.95
2/6/2015,19266418688,3374.05,3285.94,3312.42
2/9/2015,17235382272,3376.53,3298.6,3345.92
2/10/2015,15930908672,3407.18,3339.55,3406.94
2/11/2015,14461377536,3445.66,3412.14,3434.12
2/12/2015,15608169472,3453.58,3405.63,3442.87
2/13/2015,20108996608,3509.5,3452.08,3469.83
2/16/2015,16564133888,3504.48,3466.61,3499.48
2/17/2015,16532831232,3536.82,3511.09,3522.32
2/25/2015,16553934848,3529.55,3463.96,3478.73
2/26/2015,22932844544,3569.33,3456.87,3566.29
2/27/2015,22278643712,3594.81,3560.46,3572.84
3/2/2015,24817612800,3608.69,3566.53,3601.26
3/3/2015,26186649600,3579.31,3504.2,3507.9
3/4/2015,19966398464,3540.91,3497.17,3530.82
3/5/2015,21750880256,3517.08,3467.68,3496.34
3/6/2015,18151804928,3516.24,3472.39,3478.52
3/9/2015,23394041856,3546.71,3417.49,3537.75
3/10/2015,19426764800,3551.21,3511.99,3520.61
3/11/2015,18894782464,3568.92,3512.22,3524.65
3/12/2015,26566463488,3603.34,3536.53,3592.84
3/13/2015,24686477312,3641.39,3594.74,3617.66
3/16/2015,27543830528,3705.74,3621.12,3705.67
3/17/2015,37162565632,3762.57,3716.81,3757.12
3/18/2015,41519001600,3846.05,3763.85,3846.05
3/19/2015,39154761728,3859.13,3809.71,3839.74
3/20/2015,40181755904,3916.86,3832.42,3892.57
3/23/2015,39111991296,3972.3,3922.21,3972.06
3/24/2015,46858129408,3989.86,3883.78,3973.05
3/25/2015,37996883968,3980.72,3913.99,3940.41
3/26/2015,34675630080,3992,3892.88,3950
3/27/2015,29875605504,3993.03,3932.87,3971.7
3/30/2015,42829701120,4101.65,3999.02,4088.18
3/31/2015,43606564864,4166.02,4037.77,4051.2
4/1/2015,32951285760,4139.5,4046.94,4123.9
4/2/2015,33907048448,4156.84,4068.65,4124.78
4/3/2015,32130375680,4170.56,4092.38,4170.54
4/7/2015,41536266240,4260.47,4197.02,4260.04
4/8/2015,45867671552,4304.78,4204.83,4295.8
4/9/2015,43969990656,4332.17,4212.61,4262.14
4/10/2015,34819018752,4351.69,4231.2,4344.42
4/13/2015,43415302144,4432.02,4361.59,4421.07
4/14/2015,43443212288,4474.35,4385.91,4438.18
4/15/2015,47215411200,4476,4379.61,4380.51
4/16/2015,42260373504,4513.77,4335.63,4513.55
4/17/2015,55280267264,4630.27,4553.9,4596.14
4/20/2015,68643905536,4671.17,4492.6,4521.92
4/21/2015,49031499776,4620.06,4504.56,4619.16
4/22/2015,51621380096,4740.93,4632.59,4739.81
4/23/2015,49743093760,4782.04,4693.97,4740.89
4/24/2015,48015294464,4730.43,4618.32,4702.64
4/27/2015,51307655168,4810.48,4735.31,4807.59
4/28/2015,60863852544,4839.08,4703.57,4741.86
4/29/2015,39505698816,4797.93,4695.79,4774.33
4/30/2015,39972745216,4818.73,4749.48,4749.89
5/4/2015,37784383488,4795.92,4699.4,4787.74
5/5/2015,46041964544,4785.19,4572.98,4596.84
5/6/2015,37607370752,4700.91,4511.76,4553.33
5/7/2015,29775921152,4546.34,4467.46,4470.09
5/8/2015,30240796672,4559.06,4445.59,4558.4
5/11/2015,37383843840,4690.95,4535.15,4690.53
5/12/2015,37705388032,4748,4660.02,4747.42
5/13/2015,37073043456,4758,4678.85,4718.44
5/14/2015,33772515328,4735.28,4670.17,4700.78
5/15/2015,32843116544,4690.75,4592.05,4617.47
5/18/2015,26918049792,4623.38,4565.06,4575.14
5/19/2015,31478595584,4740,4577.64,4731.22
5/20/2015,36318072832,4843.1,4745.21,4754.92
5/21/2015,30505453568,4841.62,4746.03,4840.98
5/22/2015,45584670720,4951.99,4870.6,4951.34
5/25/2015,46573658112,5099.84,4949.11,5099.49
5/26/2015,48794935296,5199.29,5063.15,5198.92
5/27/2015,47079874560,5226.84,5126.86,5181.43
5/28/2015,57182904320,5213.18,4831.33,4834.01
5/29/2015,42787885056,4924.3,4665.52,4840.83
6/1/2015,41750372352,5079.32,4835.77,5076.18
6/2/2015,41297317888,5162.56,5047.08,5161.87
6/3/2015,41425825792,5186.97,5059.5,5143.59
6/4/2015,48276725760,5194.23,4863.46,5181.42
6/5/2015,54596120576,5288.34,5104.18,5230.55
6/8/2015,63731322880,5370.61,5202.6,5353.75
6/9/2015,57042726912,5380.43,5251.21,5317.46
6/10/2015,44216565760,5374.83,5209.68,5309.11
6/11/2015,39233875968,5329.29,5248.16,5306.59
6/12/2015,43013140480,5351.65,5283.09,5335.12
6/15/2015,47574568960,5362.45,5207.31,5221.17
6/16/2015,41167564800,5204.3,5015.27,5064.82
6/17/2015,39712419840,5158.37,4949.29,5138.83
6/18/2015,36439580672,5121.22,4926.43,4930.55
6/19/2015,35810476032,4910.45,4634.69,4637.05
6/23/2015,36508794880,4786.96,4455.33,4786.09
6/24/2015,43463872512,4883.73,4744.31,4880.13
6/25/2015,44613599232,4919.26,4667.22,4706.52
6/26/2015,44663980032,4650.19,4278.67,4336.19
6/29/2015,52566249472,4451.17,4000.93,4191.55
6/30/2015,52704526336,4475.77,4016.01,4473
7/1/2015,43172143104,4526.13,4235.7,4253.02
7/2/2015,45706219520,4312.19,4000.06,4108
7/3/2015,42930085888,4164.63,3785.9,3885.92
7/6/2015,64809451520,4218.27,3832.47,3998.54
7/7/2015,67938500608,3960.64,3743.62,3928
7/8/2015,58146709504,3762.62,3612.25,3663.04
7/9/2015,50387062784,3930.26,3537.83,3897.63
7/10/2015,50070179840,4179.11,3887.55,4106.56
7/13/2015,50209218560,4278.16,4072.43,4211.81
7/14/2015,45442199552,4258.51,4062.5,4112.15
7/15/2015,42195636224,4114.24,3899.51,3966.76
7/16/2015,33053134848,4067.02,3856.32,3997.36
7/17/2015,33110712320,4190.19,4000.23,4151.5
7/20/2015,35267346432,4221.69,4106.39,4160.61
7/21/2015,31837495296,4201.48,4081.7,4166.01
7/22/2015,31894599680,4187.43,4094.71,4157.16
7/23/2015,35447177216,4262.06,4148.82,4250.81
7/24/2015,39204536320,4299.65,4154.62,4176.28
7/27/2015,36505452544,4156.31,3817.17,3818.73
7/28/2015,38352719872,3883.45,3627.42,3811.09
7/29/2015,27697285120,3934,3769.19,3930.38
7/30/2015,27154866176,3968.53,3802.88,3815.41
7/31/2015,22237677568,3863.62,3757.99,3816.7
8/3/2015,24580503552,3829.24,3742.58,3829.24
8/4/2015,22023655424,3948.45,3801.03,3948.16
8/5/2015,20048427008,3962.28,3858.66,3866.9
8/6/2015,14727869440,3888.69,3793.24,3831.85
8/7/2015,18334914560,3926.65,3857.91,3906.95
8/10/2015,30678054912,4101.73,3932.84,4084.36
8/11/2015,32203419648,4110.13,4042,4066.67
8/12/2015,25514618880,4078.03,4015.36,4016.13
8/13/2015,24283697152,4075.7,3967.82,4075.46
8/14/2015,25339299840,4113.16,4056.73,4073.54
8/17/2015,25693964288,4081.77,4009.99,4077.87
8/18/2015,31988107264,4103.05,3816.55,3825.41
8/19/2015,26904983552,3898.74,3668.19,3886.14
8/20/2015,21216796672,3880.82,3761.45,3761.45
8/21/2015,21798639616,3757.78,3578.18,3589.54
8/24/2015,25543665664,3468.15,3266.55,3275.53
8/25/2015,27608129536,3200.11,3019.56,3042.93
8/26/2015,30827063296,3192.93,2952.01,3025.69
8/27/2015,26729492480,3206.72,3028.4,3205.64
8/28/2015,29949843456,3353.24,3223.62,3342.29
8/31/2015,28025040896,3368.28,3205.54,3366.54
9/1/2015,35245854720,3370.5,3190.58,3362.08
9/2/2015,34778939392,3387.02,3213.64,3365.83
9/7/2015,20422443008,3422.23,3240.24,3250.49
9/8/2015,15459962880,3340.22,3170.81,3334.02
9/9/2015,22046742528,3426.65,3330.29,3399.3
9/10/2015,14488297472,3398.32,3337.31,3357.56
9/11/2015,10854751232,3383.13,3315.48,3347.19
9/14/2015,20545724416,3373.92,3187.57,3281.13
9/15/2015,14355564544,3240.08,3131.98,3152.23
9/16/2015,15970999296,3345.92,3131.37,3309.25
9/17/2015,16940187648,3354.91,3237,3237
9/18/2015,10690348032,3280.88,3227.83,3251.27
9/21/2015,12278866944,3312.55,3211.93,3308.25
9/22/2015,14622198784,3371.41,3303.18,3339.03
9/23/2015,12317144064,3315.94,3253.33,3263.03
9/24/2015,10201123840,3300.86,3255.9,3285
9/25/2015,12141927424,3290.86,3201.91,3231.95
9/28/2015,7421946880,3246.55,3186.51,3242.75
9/29/2015,8715063296,3208.42,3159.04,3178.85
9/30/2015,7855934976,3223.91,3186.77,3202.95
10/8/2015,13208176640,3337.33,3294.61,3296.48
10/9/2015,12435250176,3352.38,3293.97,3340.12
10/12/2015,22140047360,3486.63,3347.25,3447.69
10/13/2015,14543378432,3452.04,3413.97,3445.04
10/14/2015,15217393664,3458.7,3403.23,3406.11
10/15/2015,17115830272,3486.81,3402.32,3486.81
10/16/2015,20896471040,3537.54,3487.1,3534.06
10/19/2015,20760674304,3573,3502.5,3534.18
10/20/2015,17902510080,3577.8,3510.44,3577.7
10/21/2015,28207605760,3601.24,3417.41,3473.25
10/22/2015,18430558208,3530.77,3442.31,3524.53
10/23/2015,19829448704,3581.84,3515.82,3571.24
10/26/2015,20424886272,3620.76,3561.19,3589.26
10/27/2015,19205613568,3601.05,3486.1,3592.88
10/28/2015,17097709568,3598.17,3517.21,3524.92
10/29/2015,12701044736,3561.81,3507.97,3533.31
10/30/2015,13914191872,3574.47,3497.57,3534.08
11/2/2015,13000256512,3543.45,3474.71,3475.96
11/3/2015,10140187648,3501.7,3452.62,3465.49
11/4/2015,20542386176,3628.54,3477.16,3628.54
11/5/2015,39804657664,3781.41,3627.3,3705.97
11/6/2015,29875308544,3801.71,3694.66,3793.37
11/9/2015,35680481280,3891.77,3796.38,3840.36
11/10/2015,28651960320,3876.49,3798.82,3833.24
11/11/2015,23223429120,3843.11,3781.41,3833.65
11/12/2015,21753763840,3843.9,3771.27,3795.32
11/13/2015,20348989440,3793.71,3727.58,3746.24
11/16/2015,16169090048,3764.41,3680.07,3764.13
11/17/2015,24853307392,3852.77,3750.16,3758.39
11/18/2015,18568949760,3771.85,3706.31,3715.58
11/19/2015,15463198720,3775.23,3714.68,3774.97
11/20/2015,18695168000,3793.54,3757.03,3774.38
11/23/2015,17562681344,3802.85,3743.41,3753.33
11/24/2015,14338328576,3754.17,3702.74,3753.89
11/25/2015,15194493952,3781.86,3735.72,3781.61
11/26/2015,17352546304,3805.84,3756.82,3759.43
11/27/2015,20893935616,3742.74,3534.39,3556.99
11/30/2015,17320116224,3587.97,3455.07,3566.41
12/1/2015,13653655552,3617.3,3536.12,3591.7
12/2/2015,21353885696,3725.85,3573.4,3721.96
12/3/2015,19776212992,3758.45,3693.14,3749.3
12/4/2015,15119951872,3726.12,3667.29,3677.59
12/7/2015,11388314624,3699.34,3658.58,3687.61
12/8/2015,12578108416,3668.84,3619.45,3623.02
12/9/2015,11332542464,3655.16,3611.49,3635.94
12/10/2015,12021562368,3678.32,3615.99,3623.08
12/11/2015,11032248320,3630.74,3578.15,3608.06
12/14/2015,15176911872,3712.5,3571,3711.32
12/15/2015,12648170496,3717.36,3679.23,3694.39
12/16/2015,11134272512,3713.09,3677.45,3685.44
12/17/2015,17792407552,3768.84,3709.85,3755.89
12/18/2015,17346598912,3810.22,3750.93,3767.91
12/21/2015,21743527936,3877.82,3759.99,3865.97
12/22/2015,18030366720,3880.47,3841.59,3876.73
12/23/2015,20701714432,3926.69,3862.97,3866.38
12/24/2015,14718139392,3867.68,3787.08,3829.4
12/25/2015,11962400768,3848.02,3813.2,3838.2
12/28/2015,15398844416,3853.39,3727.63,3727.63
12/29/2015,10188555264,3762.05,3710.48,3761.88
12/30/2015,10562995200,3765.66,3726.28,3765.18
12/31/2015,10187355136,3772.62,3727.32,3731
1/4/2016,11537067008,3726.25,3468.95,3469.07
1/5/2016,16211698688,3518.22,3377.28,3478.78
1/6/2016,14596614144,3543.74,3468.47,3539.81
1/7/2016,4410264064,3481.15,3284.74,3294.38
1/8/2016,18595944448,3418.85,3237.93,3361.56
1/11/2016,17463838720,3342.48,3192.45,3192.45
1/12/2016,12822579200,3242.25,3174.55,3215.71
1/13/2016,12066649088,3257.29,3155.88,3155.88
1/14/2016,13453766656,3226.66,3072.04,3221.57
1/15/2016,12460177408,3216.8,3101.05,3118.73
1/18/2016,10112838656,3165.62,3066.73,3130.73
1/19/2016,12765389824,3227.91,3119.22,3223.13
1/20/2016,13065050112,3225.95,3154.43,3174.38
1/21/2016,11118972928,3202.54,3081.34,3081.34
1/22/2016,8995108864,3132.17,3053.96,3113.46
1/25/2016,8154006016,3149.33,3105.1,3128.89
1/26/2016,12693392384,3106.53,2934.65,2940.51
1/27/2016,13222936576,2963.54,2839.29,2930.35
1/28/2016,9922275328,2941.89,2841.84,2853.76
1/29/2016,11330425856,2965.31,2854.37,2946.09
2/1/2016,8679534592,2944.52,2869.56,2901.05
2/2/2016,8860195840,2972.43,2901.51,2961.33
2/3/2016,7738899968,2954.71,2909.9,2948.64
2/4/2016,9177972736,2999.21,2960.21,2984.76
2/5/2016,7685081088,2988.36,2962.85,2963.79
2/15/2016,7291943424,2961.49,2886.02,2946.71
2/16/2016,11257964544,3042.09,2962.19,3037.03
2/17/2016,12829160448,3065.78,3027.05,3063.32
2/18/2016,12440145920,3093.51,3049.84,3053.7
2/19/2016,8733801472,3065.97,3032.63,3051.58
2/22/2016,14094696448,3128.21,3071.33,3118.87
2/23/2016,11256738816,3119.22,3061.43,3089.36
2/24/2016,11178264576,3109.54,3055.25,3109.54
2/25/2016,15782975488,3104.44,2905.46,2918.75
2/26/2016,10694972416,2964.39,2902.95,2948.03
2/29/2016,12934102016,2939.88,2821.22,2877.47
3/1/2016,11604591616,2950.44,2863.32,2930.69
3/2/2016,17597235200,3054.72,2933.12,3051.33
3/3/2016,17310574592,3078.44,3040.25,3058.42
3/4/2016,21917253632,3101.66,3032.42,3093.89
3/7/2016,13246203904,3130.9,3083.58,3104.84
3/8/2016,13623574528,3109.25,3001.83,3107.67
3/9/2016,11146625024,3072.92,3020.13,3071.91
3/10/2016,7607219712,3074.16,3012.69,3013.15
3/11/2016,7333356544,3026.44,2982.17,3018.28
3/14/2016,11710865408,3106.8,3034,3065.69
3/15/2016,9831194624,3077.08,3028.58,3074.78
3/16/2016,12473645056,3100.35,3064.52,3090.03
3/17/2016,12166177792,3147.84,3077.57,3124.2
3/18/2016,19730255872,3197.67,3130.1,3171.96
3/21/2016,23326947328,3267.77,3198.36,3249.44
3/22/2016,16102089728,3249.68,3218.73,3225.79
3/23/2016,12567928832,3242.25,3202.98,3236.09
3/24/2016,13313112064,3221.91,3181.81,3181.85
3/25/2016,9739533312,3204.44,3174.32,3197.82
3/28/2016,10344193024,3229.62,3161.88,3169.73
3/29/2016,9729474560,3178.07,3122.76,3135.41
3/30/2016,11780251648,3216.68,3161.29,3216.27
3/31/2016,12155207680,3241.93,3208.67,3218.09
4/1/2016,11812213760,3222.61,3165.86,3221.89
4/5/2016,14604777472,3271.93,3205.21,3264.49
4/6/2016,12019630080,3267.64,3236.2,3257.53
4/7/2016,11240946688,3270.82,3208.64,3209.29
4/8/2016,10100562944,3197.77,3163.3,3185.73
4/11/2016,12521271296,3251.57,3213.51,3230.1
4/12/2016,9286943744,3232.26,3198.9,3218.45
4/13/2016,19561385984,3296.52,3237.86,3261.38
4/14/2016,11315732480,3286.07,3252.05,3275.83
4/15/2016,9980752896,3282.99,3261.73,3272.21
4/18/2016,9709006848,3252.67,3221.66,3228.45
4/19/2016,8087143936,3250.73,3221.58,3238.3
4/20/2016,16220785664,3248.42,3107.37,3181.03
4/21/2016,10475265024,3198.56,3150.94,3160.6
4/22/2016,7707849216,3175.38,3137.99,3174.9
4/25/2016,6751934976,3172.27,3137.11,3162.03
4/26/2016,5902073344,3181.09,3150.4,3179.16
4/27/2016,6000414720,3188.83,3162.69,3165.92
4/28/2016,6987065856,3174.77,3135.64,3160.58
4/29/2016,5802977792,3171.29,3149.4,3156.75
5/3/2016,9816483840,3218.49,3151.41,3213.54
5/4/2016,9086240768,3222.88,3198.29,3209.46
5/5/2016,7473368064,3217.28,3196.57,3213.92
5/6/2016,10868024320,3216.89,3130.15,3130.35
5/9/2016,9923047424,3115.43,3055.01,3065.62
5/10/2016,6884993536,3084.72,3055.18,3069.11
5/11/2016,8179425792,3102.88,3063.09,3082.81
5/12/2016,7876572672,3095.35,3035.02,3090.14
5/13/2016,6262975488,3103.1,3064.69,3074.94
5/16/2016,5946185728,3095.56,3053.66,3095.31
5/17/2016,6527812608,3105.2,3073.46,3086.02
5/18/2016,8271537152,3072.61,3039.46,3068.04
5/19/2016,6044416512,3086.98,3058.14,3062.5
5/20/2016,5608083968,3078.53,3041.52,3078.22
5/23/2016,5969721856,3098.48,3076.5,3087.22
5/24/2016,5873438720,3083.26,3052.59,3063.56
5/25/2016,5665280512,3089.1,3054.87,3059.23
5/26/2016,6039298048,3072.52,3027.44,3064.21
5/27/2016,6046875136,3073.76,3052.18,3062.5
5/30/2016,6309857792,3075.26,3037.66,3066.71
5/31/2016,13886311424,3170.93,3068.6,3169.56
6/1/2016,11314847744,3181.79,3159.82,3160.55
6/2/2016,8600342528,3168.82,3151.07,3167.1
6/3/2016,10149178368,3201.75,3162.09,3189.33
6/6/2016,7669374976,3197.22,3168.55,3178.79
6/7/2016,6892831232,3186.62,3168.18,3177.05
6/8/2016,7629177344,3174.97,3148.35,3163.99
6/13/2016,9297594368,3145.61,3065.77,3066.34
6/14/2016,6627945984,3078.75,3055.66,3075.98
6/15/2016,8739325952,3128.67,3042.23,3116.37
6/16/2016,8297470464,3112.48,3089.48,3094.67
6/17/2016,8540298752,3131.05,3096.09,3110.36
6/20/2016,6358714368,3118.73,3089.71,3112.67
6/21/2016,8796534784,3155.49,3097.94,3106.32
6/22/2016,6648711168,3134.06,3096.99,3133.96
6/23/2016,6775173632,3129.72,3102.48,3117.32
6/24/2016,10479220736,3130.54,3033.97,3077.16
6/27/2016,8326726144,3120.64,3064.97,3120.54
6/28/2016,9202463744,3139.43,3099.7,3136.4
6/29/2016,10372366336,3158.08,3139.13,3151.39
6/30/2016,7969261568,3163.72,3148.2,3153.92
7/1/2016,7174628352,3170.26,3148.29,3154.2
7/4/2016,13331052544,3210.6,3134.02,3204.7
7/5/2016,13022689280,3216.7,3198,3207.38
7/6/2016,12489745408,3217.52,3183.45,3216.8
7/7/2016,11859520512,3220.54,3190.12,3209.95
7/8/2016,8973485056,3204.93,3183.96,3192.28
7/11/2016,13852951552,3235.96,3197.63,3203.33
7/12/2016,17253421056,3273.47,3200.3,3273.18
7/13/2016,17519609856,3300.99,3271.78,3282.87
7/14/2016,10752579584,3281.95,3259.07,3276.76
7/15/2016,10266502144,3285.03,3265.29,3276.28
7/18/2016,11031251968,3281.64,3251.77,3262.02
7/19/2016,8888685568,3264.73,3226.2,3248.23
7/20/2016,7270125568,3254.51,3232.26,3237.61
7/21/2016,8600482816,3271.37,3238.3,3252.52
7/22/2016,8602912768,3253.77,3220.89,3225.16
7/25/2016,7020318720,3243.79,3218.14,3230.89
7/26/2016,8105108992,3269.75,3228.01,3269.59
7/27/2016,16018866176,3276.51,3157.41,3218.24
7/28/2016,11277996032,3235.78,3195.27,3221.14
7/29/2016,8804484096,3225.42,3198.68,3203.93
8/1/2016,8700349440,3199.98,3156.75,3176.81
8/2/2016,6216763904,3189.05,3165.54,3189.05
8/3/2016,7286410240,3197.16,3173.54,3193.51
8/4/2016,7350437376,3201.55,3170.42,3201.29
8/5/2016,7719636480,3224.87,3192.86,3205.11
8/8/2016,8667604992,3234.48,3187.25,3234.18
8/9/2016,9106526208,3257.33,3229.17,3256.98
8/10/2016,9043037184,3261.86,3242.75,3243.34
8/11/2016,10104121344,3274.03,3232.61,3233.36
8/12/2016,11625404416,3294.23,3231.14,3294.23
8/15/2016,22054342656,3417.91,3302.38,3393.42
8/16/2016,19638974464,3418.69,3372.02,3378.25
8/17/2016,13884769280,3394.39,3356.92,3373.05
8/18/2016,14238016512,3394.79,3349.69,3364.49
8/19/2016,11996150784,3374.04,3341.19,3365.02
8/22/2016,10795101184,3372.83,3335.47,3336.79
8/23/2016,9292451840,3359.65,3324.96,3341.83
8/24/2016,8119142912,3348.13,3323.73,3329.86
8/25/2016,10058914816,3315.08,3279.81,3308.97
8/26/2016,8153069056,3328.95,3301.74,3307.09
8/29/2016,7703633408,3315.08,3297.07,3307.78
8/30/2016,7572598784,3325.12,3304.6,3311.99
8/31/2016,7957080576,3333.97,3304.66,3327.79
9/1/2016,8494722048,3329.35,3301.21,3301.58
9/2/2016,8279180288,3320.43,3295.76,3314.11
9/5/2016,7829247488,3338.42,3314.63,3319.68
9/6/2016,9828400128,3347.95,3300.13,3342.63
9/7/2016,10294010880,3357.36,3337.75,3340.82
9/8/2016,7191616000,3343.39,3328.23,3339.56
9/9/2016,8265703424,3344.95,3318.04,3318.04
9/12/2016,12291768320,3276.72,3234.57,3262.6
9/13/2016,6718028800,3269.22,3246.39,3260.33
9/14/2016,7043269632,3255,3231.34,3238.73
9/19/2016,5883108352,3264.9,3242.74,3263.12
9/20/2016,5278420480,3265.04,3252.39,3257.4
9/21/2016,5914297856,3270.9,3254.32,3266.64
9/22/2016,7575354368,3303.2,3277.98,3291.12
9/23/2016,5799398400,3293.92,3275.02,3275.67
9/26/2016,7045218816,3267.69,3220.28,3220.28
9/27/2016,5846054912,3240.78,3214.44,3240.75
9/28/2016,4472749568,3243.65,3228,3230.89
9/29/2016,5545255424,3257.77,3234.8,3244.39
9/30/2016,4497802240,3260.94,3239.04,3253.28
10/10/2016,8051926016,3294.64,3258.96,3293.87
10/11/2016,8771316736,3308,3292.88,3306.56
10/12/2016,6866978304,3302.56,3289.75,3300.01
10/13/2016,8122419712,3307.41,3292.4,3302.65
10/14/2016,8231627264,3306.69,3285.73,3305.85
10/17/2016,8611350528,3309.01,3271.54,3277.88
10/18/2016,10286071808,3321.33,3272.68,3321.33
10/19/2016,10116772864,3332.52,3309.83,3316.24
10/20/2016,7923887104,3324.9,3312.17,3318.6
10/21/2016,10978518016,3341.56,3309.18,3327.74
10/24/2016,15301434368,3382.83,3330.97,3367.58
10/25/2016,11119169536,3373.91,3356.59,3367.45
10/26/2016,9802478592,3367.83,3349.57,3354.8
10/27/2016,7762984960,3352.35,3335.13,3345.7
10/28/2016,9313331200,3370.75,3337.29,3340.13
10/31/2016,7135286272,3340.47,3317.33,3336.28
11/1/2016,7493819904,3359.39,3334.46,3359.05
11/2/2016,9119710208,3356.4,3331.38,3333.35
11/3/2016,12622350336,3379.99,3324.84,3365.08
11/4/2016,10406965248,3377.64,3348.43,3354.17
11/7/2016,9987799040,3362.74,3342.31,3356.59
11/8/2016,10314827776,3383.92,3361.13,3371.12
11/9/2016,13911006208,3373.1,3322.08,3353.05
11/10/2016,13470553088,3403.02,3374.91,3390.61
11/11/2016,19878150144,3422.67,3382.89,3417.22
11/14/2016,21324709888,3452.62,3408.14,3430.25
11/15/2016,13456631808,3434.92,3415.99,3429.87
11/16/2016,12980850688,3435.64,3419.24,3429.59
11/17/2016,12156173312,3437.67,3412.88,3436.53
11/18/2016,11595120640,3443.12,3413.27,3417.46
11/21/2016,14643452928,3463.14,3412.08,3441.11
11/22/2016,16852344832,3469.22,3443.22,3468.36
11/23/2016,16238850048,3492.96,3465.76,3474.73
11/24/2016,14574629888,3508.16,3467.01,3488.74
11/25/2016,15362150400,3521.3,3463.95,3521.3
11/28/2016,20737548288,3553.36,3528.32,3535.08
11/29/2016,23691835392,3583.72,3521.38,3564.04
11/30/2016,17856018432,3567.07,3527.02,3538
12/1/2016,18017075200,3575.97,3543.25,3565.04
12/2/2016,19635548160,3562.55,3516.79,3528.95
12/5/2016,18085234688,3496.88,3457.34,3469.41
12/6/2016,11552909312,3477.59,3456.81,3459.15
12/7/2016,11434510336,3475.75,3445.76,3475.75
12/8/2016,11738392576,3484.34,3466.51,3470.14
12/9/2016,15030330368,3507.93,3461.76,3493.7
12/12/2016,18746775552,3495.8,3400.79,3409.18
12/13/2016,12110510080,3416.21,3370.6,3405.04
12/14/2016,12400774144,3412.28,3378.27,3378.95
12/15/2016,11496066048,3378.04,3327.14,3340.43
12/16/2016,9077541888,3356.29,3330.49,3346.03
12/19/2016,8164067840,3344.86,3325,3328.98
12/20/2016,8756959232,3329.1,3289.27,3309.06
12/21/2016,10825499648,3342.48,3313.75,3338.54
12/22/2016,9227724800,3340.36,3322.72,3335.67
12/23/2016,9744471040,3334.89,3300.88,3307.6
12/26/2016,8979398656,3322.42,3267.05,3322.4
12/27/2016,7548635648,3330.23,3315.83,3316.39
12/28/2016,6900043776,3320.55,3293.17,3301.89
12/29/2016,7008792064,3312.11,3288.1,3297.76
12/30/2016,7174411776,3313.55,3295.75,3310.08
1/3/2017,8656789504,3345.26,3313.95,3342.23
1/4/2017,9005082624,3369.57,3338.15,3368.31
1/5/2017,8833635328,3373.41,3361.46,3367.79
1/6/2017,8745911296,3368.87,3346.89,3347.67
1/9/2017,8370793984,3366.22,3344.35,3363.9
1/10/2017,8381916160,3370.51,3354.09,3358.27
1/11/2017,9107143680,3366.63,3334.3,3334.5
1/12/2017,8123913728,3343.13,3315.96,3317.62
1/13/2017,8418058752,3338.17,3309.37,3319.91
1/16/2017,15777913856,3322.78,3264.21,3319.45
1/17/2017,6945332736,3327.38,3292.2,3326.36
1/18/2017,7062322688,3350.96,3320.41,3339.37
1/19/2017,6615981056,3346.5,3324.68,3329.29
1/20/2017,6530045952,3358.41,3326.37,3354.89
1/23/2017,7555749888,3378.74,3355.85,3364.08
1/24/2017,6619422720,3371.32,3355.9,3364.45
1/25/2017,5837692928,3376.44,3357.22,3375.9
1/26/2017,6531664896,3395.88,3378.26,3387.96
2/3/2017,5518885888,3392.48,3362.57,3364.49
2/6/2017,6852135936,3381.33,3358.75,3373.21
2/7/2017,6375446016,3376.71,3354.63,3365.68
2/8/2017,7540288000,3383.69,3347.43,3383.29
2/9/2017,9755851776,3406.59,3379.79,3396.29
2/10/2017,12376871936,3422.33,3398.03,3413.49
2/13/2017,12014453760,3439.54,3416.87,3436.27
2/14/2017,9480946688,3440.67,3424.4,3435.8
2/15/2017,12764334080,3448.03,3417.08,3421.71
2/16/2017,10827696128,3440.93,3418.35,3440.93
2/17/2017,11460003840,3457.56,3419.61,3421.44
2/20/2017,13262885888,3472.6,3421.64,3471.39
2/21/2017,11484200960,3490.09,3472.02,3482.82
2/22/2017,10281598976,3489.95,3473.52,3489.76
2/23/2017,9953633280,3492.96,3460.12,3473.32
2/24/2017,9553513472,3473.85,3455.25,3473.85
2/27/2017,9867215872,3472.84,3441.39,3446.22
2/28/2017,7521526272,3460.91,3441.36,3452.81
3/1/2017,10326035456,3472.7,3449.11,3458.44
3/2/2017,8989807616,3468.47,3434,3435.1
3/3/2017,8099465216,3428.88,3412.83,3427.86
3/6/2017,8307088384,3449.03,3425.9,3446.48
3/7/2017,8033472000,3454.04,3440.06,3453.96
3/8/2017,7958769152,3457.04,3441.26,3448.73
3/9/2017,8457038336,3443.05,3414.68,3426.94
3/10/2017,7001619968,3436.24,3423.94,3427.89
3/13/2017,9168412672,3458.1,3412.69,3458.1
3/14/2017,7707796480,3465.39,3448.9,3456.69
3/15/2017,7910495232,3463.92,3445.27,3463.64
3/16/2017,10633391104,3492.13,3472.27,3481.51
3/17/2017,10375556096,3488.5,3441.47,3445.81
3/20/2017,8873432064,3454.06,3429.83,3449.61
3/21/2017,8770785280,3466.7,3445.64,3466.35
3/22/2017,10493589504,3464.33,3433.5,3450.05
3/23/2017,9431805952,3470.82,3435.69,3461.98
3/24/2017,12564583424,3499.32,3461.11,3489.6
3/27/2017,10701537280,3505.98,3474.52,3478.04
3/28/2017,8419482112,3482.29,3461.47,3469.81
3/29/2017,10485170176,3483.06,3455.55,3465.19
3/30/2017,11637692416,3467.3,3422.37,3436.76
3/31/2017,9157748736,3456.31,3430.82,3456.05
4/5/2017,14339901440,3504.54,3475.15,3503.89
4/6/2017,13676700672,3517.78,3495.72,3514.05
4/7/2017,14029320192,3526.81,3506.39,3517.46
4/10/2017,14188737536,3522.8,3502.08,3505.14
4/11/2017,16594583552,3520.13,3466.14,3517.33
4/12/2017,18182453248,3523.1,3498,3509.44
4/13/2017,12998180864,3518.44,3496.57,3514.57
4/14/2017,13547407360,3517.47,3476.95,3486.5
4/17/2017,11716496384,3480.57,3453.68,3479.94
4/18/2017,11092782080,3489.08,3462.63,3462.74
4/19/2017,12134926336,3459.35,3418.51,3445.88
4/20/2017,11418421248,3465.61,3440.72,3461.55
4/21/2017,10441911296,3475.56,3449.54,3466.79
4/24/2017,11466079232,3458.23,3403.98,3431.26
4/25/2017,9407214592,3449.67,3422.65,3440.97
4/26/2017,11194002432,3466.57,3439.15,3445.18
4/27/2017,12329842688,3449.27,3399.54,3446.72
4/28/2017,10163234816,3439.9,3417.24,3439.75
