RecordNumber,YR,SchoolCode,DistrictCode,Site,ReadingRemediation,PTConfAttendence,AvgDaysAbsent,Mobility,SuspRatioLess10,SuspRatioGreat10,AvgVolunteerHrs,FRL,SpecialEd
1079,2008,55I089105,55I089,ADAMS ES,0.565,0.915,11.3,0.134,135.5,0,0.2,0.948,0.061
1080,2008,55I089110,55I089,ARTHUR ES,0.656,0.65,11.4,0.152,21.5,0,5.8,0.929,0.091
1081,2008,55I089123,55I089,BODINE ES,0.669,0.53,13.5,0.229,4.5,0,0,0.876,0.107
1082,2008,55I089125,55I089,BRITTON ES,0.658,0.87,10.1,0.199,7.3,0,2.5,0.93,0.061
1083,2008,55I089135,55I089,BUCHANAN ES,0.485,0.96,8.9,0.126,13.4,0,2.8,0.856,0.134
1084,2008,55I089154,55I089,CLEVELAND ES,0.433,0.94,8.4,0.117,21.6,0,7.1,0.324,0.068
1085,2008,55I089160,55I089,COLUMBUS ENTERPRISE SCHOOL,0.62,0.94,10.6,0.114,33.7,0,0.4,0.982,0.049
1086,2008,55I089165,55I089,COOLIDGE ES,0.51,1,9.5,0.159,8.4,0,4.5,0.861,0.114
1087,2008,55I089166,55I089,CAPITOL HILL ES,0.593,0.85,12.5,0.161,6.1,973,0.1,0.975,0.103
1088,2008,55I089170,55I089,F. D. MOON ACADEMY,0.642,0.65,8.7,0.317,2.9,324,1.3,0.963,0.136
1089,2008,55I089190,55I089,DUNBAR ES,0.639,0.85,13.4,0.246,6.5,0,6.5,0.972,0.083
1090,2008,55I089195,55I089,EDGEMERE ES,0.598,0.8,12.3,0.291,3.3,0,0,0.934,0.088
1091,2008,55I089205,55I089,EDWARDS ES,0.677,0.97,9.5,0.188,0,0,2.2,0.867,0.101
1092,2008,55I089206,55I089,EISENHOWER ES,0.684,0.95,10.4,0.235,4.8,0,0.8,0.921,0.113
1093,2008,55I089215,55I089,EUGENE FIELD ES,0.375,0.77,8.7,0.069,5.7,0,3,0.982,0.073
1094,2008,55I089220,55I089,FILLMORE ES,0.565,0.95,9.1,0.095,40,0,2.9,0.899,0.115
1095,2008,55I089240,55I089,GATEWOOD ES,0.469,1,10.4,0.146,15.2,0,1.9,0.741,0.062
1096,2008,55I089244,55I089,GREEN PASTURES ES,0.548,0.98,6.2,0.149,2,0,0.7,0.88,0.163
1097,2008,55I089255,55I089,HAWTHORNE ES,0.418,0.793,8,0.103,76.4,0,1.9,0.901,0.079
1098,2008,55I089260,55I089,HAYES ES,0.468,0.9,13.1,0.14,13.4,0,6,0.887,0.113
1099,2008,55I089265,55I089,HERONVILLE ES,0.661,0.85,8.6,0.119,13.4,0,0.7,0.94,0.035
1100,2008,55I089268,55I089,HILLCREST ES,0.631,0.7,11.8,0.163,10.3,0,0.6,0.827,0.141
1101,2008,55I089270,55I089,HORACE MANN ES,0.65,0.98,9.3,0.17,16.6,0,8.3,0.744,0.128
1102,2008,55I089275,55I089,JOHNSON ES,0.652,0.65,10.4,0.11,16.3,0,0.7,0.743,0.224
1103,2008,55I089280,55I089,KAISER ES,0.43,1,9.4,0.143,30.5,0,2.3,0.889,0.151
1104,2008,55I089283,55I089,M.L. KING JR. ES,0.452,0.5,10.8,0.225,1.7,146.7,3.5,0.902,0.116
1105,2008,55I089295,55I089,LEE ES,0.762,0.85,9.9,0.089,0,0,0.9,0.928,0.062
1106,2008,55I089305,55I089,LINWOOD ES,0.413,0.95,7.6,0.128,42.4,0,4.7,0.947,0.106
1107,2008,55I089315,55I089,MADISON ES,0.735,0.97,6.8,0.103,13.9,0,0.8,0.937,0.077
1108,2008,55I089320,55I089,MARK TWAIN ES,0.392,0.88,10.6,0.046,88.7,0,10.8,0.97,0.083
1109,2008,55I089335,55I089,MONROE ES,0.603,1,11,0.152,17.9,0,0.5,0.684,0.186
1110,2008,55I089340,55I089,NICHOLS HILLS ES,0.327,0.99,5.3,0.086,82,0,7.3,0.256,0.107
1111,2008,55I089343,55I089,NORTH HIGHLAND MATH/SCI ACADEMY,0.71,0.95,12.1,0.229,8.2,0,10.1,0.919,0.085
1112,2008,55I089344,55I089,OAKRIDGE ES,0.667,0.93,10.6,0.281,3.1,0,0.2,0.933,0.094
1113,2008,55I089350,55I089,THELMA R. PARKS ES,0.611,0,12.3,0.132,4,0,0,0.834,0.095
1114,2008,55I089351,55I089,PARKER ES,0.844,0.55,9.5,0.202,18.3,0,0.2,0.827,0.1
1115,2008,55I089352,55I089,PARMELEE ES,0.475,1,11.5,0.226,5.5,0,1.3,0.91,0.078
1116,2008,55I089353,55I089,PIERCE ES,0.544,1,9.7,0.103,19.5,215,0.8,0.958,0.107
1117,2008,55I089360,55I089,PRAIRIE QUEEN ES,0.58,0.8,10,0.179,11.9,0,5.3,0.795,0.13
1118,2008,55I089365,55I089,PUTNAM HEIGHTS ES,0.446,0.8,10.5,0.196,56,0,3.2,0.893,0.089
1119,2008,55I089368,55I089,QUAIL CREEK ES,0.107,1,8.4,0.038,0,0,7.4,0.214,0.118
1120,2008,55I089370,55I089,RANCHO VILLAGE ES,0.522,0.93,10.4,0.12,11.7,0,5.6,0.981,0.225
1121,2008,55I089375,55I089,RIDGEVIEW ES,0.37,0.83,8.5,0.087,11.5,0,11.9,0.633,0.124
1122,2008,55I089385,55I089,ROCKWOOD ES,0.546,0.83,10.8,0.166,4.9,0,1.2,0.966,0.067
1123,2008,55I089395,55I089,SEQUOYAH ES,0.626,0.98,9.4,0.157,41.8,0,0.4,0.62,0.104
1124,2008,55I089400,55I089,SHIDLER ES,0.508,0.42,13.6,0.209,5.5,0,2,0.905,0.048
1125,2008,55I089407,55I089,SOUTHERN HILLS ES,0.619,0.85,8.9,0.207,20.3,0,1.2,0.769,0.084
1126,2008,55I089408,55I089,SPENCER ES,0.515,0.93,8.7,0.146,16.7,0,0.8,0.894,0.12
1127,2008,55I089410,55I089,STAND WATIE ES,0.626,0.98,8.9,0.09,8.5,0,7.2,0.951,0.101
1128,2008,55I089415,55I089,STONEGATE ES,0.488,0.81,10.6,0.194,5.5,470,4.3,0.738,0.123
1129,2008,55I089417,55I089,TELSTAR ES,0.681,0.78,14.8,0.249,20.8,0,11.7,0.961,0.166
1130,2008,55I089440,55I089,VAN BUREN ES,0.789,0.96,8.6,0.199,10.3,0,10.9,0.898,0.08
1131,2008,55I089455,55I089,WEST NICHOLS HILLS ES,0.442,0,9.5,0,0,0,0,0.458,0.063
1132,2008,55I089460,55I089,WESTWOOD ES,0.78,1,9,0.142,26.7,0,6.3,1.006,0.106
1133,2008,55I089465,55I089,WHEELER COMMUNITY LEARNING CTR,0.57,0.93,12.3,0.189,12.2,0,0.1,0.974,0.071
1134,2008,55I089477,55I089,WILLOW BROOK ES,0.454,0,9.7,0,0,0,0,0.913,0.129
1135,2008,55I089480,55I089,WILSON ES,0.302,0.98,7.7,0.099,14.3,0,3.2,0.464,0.083
1136,2008,55I089503,55I089,BELLE ISLE ENTERPRISE SCHOOL,0,0.31,9.2,0.012,5.6,408,4.3,0.561,0.025
1137,2008,55I089508,55I089,CLASSEN MS OF ADVANCED STUDIES,0,0.92,7.7,0.006,160,0,0.5,0.369,0.058
1138,2008,55I089512,55I089,DOUGLASS MS,0,0.75,23.8,0.268,0.6,6.5,2,1.009,0.294
1139,2008,55I089515,55I089,JACKSON MS,0,0.75,14,0.172,1.1,0,0.2,0.972,0.167
1140,2008,55I089518,55I089,JEFFERSON MS,0,0.75,13.7,0.175,1.5,175.8,0.1,0.951,0.195
1141,2008,55I089521,55I089,NE ACAD HEALTH/SCI/ENGINEERING,0,0.71,12.4,0.041,1.7,0,0.1,0.887,0.11
1142,2008,55I089522,55I089,ROGERS MS,0,0,10.9,0,0,0,0,0.995,0.247
1143,2008,55I089523,55I089,ROOSEVELT MS,0,1,13.9,0.152,1,41.1,0.5,1,0.174
1144,2008,55I089525,55I089,TAFT MS,0,0.6,12,0.252,1,22.6,0.3,0.936,0.206
1145,2008,55I089530,55I089,WEBSTER MS,0,0.65,16.5,0.239,0.9,120.6,0,0.949,0.169
1146,2008,55I089535,55I089,JOHN MARSHALL MS,0,0.48,16.1,0.253,8.1,171,0.5,0.851,0.196
1147,2008,55I089540,55I089,OKLAHOMA CENTENNIAL MS,0,0.85,23.6,0.297,2.7,53,0.1,1.003,0.239
1148,2008,55I089705,55I089,CAPITOL HILL HS,0,0.2,31.8,0.165,2.7,63.7,0,0.929,0.22
1149,2008,55I089706,55I089,CLASSEN HS OF ADVANCED STUDIES,0,0.85,15.6,0.014,116.8,0,0.5,0.262,0.045
1150,2008,55I089707,55I089,DOUGLASS HS,0,0.75,33.2,0.182,1.5,54.3,0.8,0.901,0.234
1151,2008,55I089712,55I089,U. S. GRANT HS,0,0.1,40.3,0.145,3.2,87,0,0.837,0.167
1152,2008,55I089726,55I089,NEW JOHN MARSHALL HS,0,0,25.8,0,0,0,0,0.728,0.211
1153,2008,55I089750,55I089,OKLAHOMA CENTENNIAL HS,0,0.6,38.9,0.289,3.1,11.5,0.1,0.876,0.268
1154,2008,55I089760,55I089,NE ACAD HEALTH/SCI/ENGINEERING,0,0.61,12.7,0.053,7.5,406,0.4,0.552,0.064
1155,2008,55I089765,55I089,NORTHWEST CLASSEN HS,0,0.58,22.8,0.126,2.5,60.4,0.3,0.857,0.224
1156,2008,55I089770,55I089,SOUTHEAST HS,0,0.75,14.2,0.033,23,0,0.1,0.877,0.054
1157,2008,55I089780,55I089,STAR SPENCER HS,0,0.45,29.5,0.1,2.6,118.8,0.1,0.882,0.259
1158,2008,55I089971,55I089,INDEPENDENCE CHARTER MS,0,0.98,6.1,0.025,0,0,32.1,0.5,0.161
1159,2008,55I089973,55I089,WESTERN VILLAGE ACADEMY,0.375,1,5.6,0.076,4.5,0,18.5,0.8,0.07
1160,2008,55I089974,55I089,ASTEC CHARTER MS,0,1,6.3,0.012,5.9,30.3,0.7,0.893,0.096
1161,2008,55I089975,55I089,DOVE SCIENCE ACADEMY (OKC),0,0.65,5.7,0.506,12.2,0,0,0.855,0.061
1162,2008,55I089977,55I089,SANTA FE SOUTH HS,0,0.7,18.7,0.157,76.4,0,0.4,0.679,0.079
1163,2008,55I089978,55I089,HARDING CHARTER PREPARATORY HS,0,0.58,9.3,0.042,190,0,17.3,0.447,0.071
1164,2008,55I089979,55I089,MARCUS GARVEY LEADERSHIP CS,0.494,1,8.1,0.102,1.3,93,5.9,0.844,0.048
1165,2008,55I089981,55I089,SANTA FE SOUTH MS,0,1,7.1,0.075,182.5,0,0.5,0.915,0.071
1166,2008,55I089982,55I089,KIPP REACH COLLEGE PREPARATORY,0,1,8.9,0.005,4.3,0,3,0.844,0.104
1167,2008,55I089983,55I089,ASTEC CHARTER HS,0,0.25,3.6,0.004,5.5,72.6,0.3,0.253,0.037
2858,2009,55I089105,55I089,ADAMS ES,0.653,0.9,10.3,0.072,54.2,0,1.4,0.963,0.07
2859,2009,55I089110,55I089,ARTHUR ES,0.635,0.67,10.6,0.165,19.4,0,11,0.951,0.107
2860,2009,55I089123,55I089,BODINE ES,0.581,0.7,11.9,0.266,3.3,0,0.1,0.968,0.099
2861,2009,55I089125,55I089,BRITTON ES,0.393,0.92,10.7,0.149,6,0,1.1,0.941,0.064
2862,2009,55I089135,55I089,BUCHANAN ES,0.531,0.98,8.2,0.086,11.9,0,5.2,0.885,0.108
2863,2009,55I089154,55I089,CLEVELAND ES,0.102,0.8,9,0.091,84,0,6.1,0.372,0.092
2864,2009,55I089160,55I089,COLUMBUS ENTERPRISE SCHOOL,0.596,0.94,9.2,0.119,20.1,0,0.9,0.996,0.048
2865,2009,55I089165,55I089,COOLIDGE ES,0.515,1,9.3,0.148,13.4,0,2,0.934,0.123
2866,2009,55I089166,55I089,CAPITOL HILL ES,0.518,0.76,10.8,0.153,7.5,0,0.1,0.999,0.094
2867,2009,55I089170,55I089,F. D. MOON ACADEMY,0.426,0.61,8.7,0.285,3,0,0.2,1.038,0.119
2868,2009,55I089190,55I089,DUNBAR ES,0.55,0.85,11.2,0.327,8.6,0,8.2,0.994,0.085
2869,2009,55I089195,55I089,EDGEMERE ES,0.594,0.85,9.8,0.245,4,0,0.3,0.967,0.066
2870,2009,55I089205,55I089,EDWARDS ES,0.708,0.4,10.9,0.24,0,0,13.5,0.912,0.088
2871,2009,55I089206,55I089,EISENHOWER ES,0.592,0.89,8.7,0.217,4.1,436,1,0.934,0.131
2872,2009,55I089215,55I089,EUGENE FIELD ES,0.432,0.79,8,0.162,5.2,0,3.4,0.98,0.059
2873,2009,55I089220,55I089,FILLMORE ES,0.488,0.9,8.2,0.101,164.8,0,2.9,0.95,0.106
2874,2009,55I089240,55I089,GATEWOOD ES,0.523,0.98,9.6,0.156,12.4,0,3.8,0.849,0.06
2875,2009,55I089244,55I089,GREEN PASTURES ES,0.548,0.8,7.1,0.025,1.5,0,0.6,0.975,0.138
2876,2009,55I089255,55I089,HAWTHORNE ES,0.356,0.962,7.2,0.163,74.6,186.5,1.8,0.971,0.07
2877,2009,55I089260,55I089,HAYES ES,0.519,0.96,12.1,0.19,7.2,0,2.1,0.941,0.083
2878,2009,55I089265,55I089,HERONVILLE ES,0.444,0.9,8.1,0.12,23.6,0,1.4,0.968,0.041
2879,2009,55I089268,55I089,HILLCREST ES,0,0,11,0.121,12,0,0,0.852,0.146
2880,2009,55I089270,55I089,HORACE MANN ES,0.463,1,7.5,0.187,17.1,0,31.6,0.742,0.113
2881,2009,55I089275,55I089,JOHNSON ES,0.343,0,12.5,0.206,13.4,0,0,0.776,0.287
2882,2009,55I089280,55I089,KAISER ES,0.401,1,8.9,0.117,22.2,0,1.9,0.897,0.142
2883,2009,55I089283,55I089,M.L. KING JR. ES,0.37,0,10.4,0.269,2.4,0,0,0.922,0.114
2884,2009,55I089295,55I089,LEE ES,0.693,0.96,8.9,0.123,13,0,1,0.961,0.062
2885,2009,55I089305,55I089,LINWOOD ES,0.368,1,6.9,0.134,0,0,5.7,0.935,0.115
2886,2009,55I089315,55I089,MADISON ES,0.496,0.97,7.1,0.543,18.8,0,1.2,0.98,0.069
2887,2009,55I089320,55I089,MARK TWAIN ES,0.467,0.91,8.4,0.075,52.4,0,1.5,0.981,0.092
2888,2009,55I089335,55I089,MONROE ES,0.4,0.97,9.4,0.139,9.9,141.7,6.4,0.725,0.169
2889,2009,55I089340,55I089,NICHOLS HILLS ES,0.235,1,5.6,0.047,82,0,3.7,0.293,0.093
2890,2009,55I089343,55I089,NORTH HIGHLAND MATH/SCI ACADEMY,0.608,0.95,10,0.212,9.4,0,10.3,0.917,0.055
2891,2009,55I089344,55I089,OAKRIDGE ES,0.495,0.92,9.4,0.24,5.4,0,0.3,0.952,0.088
2892,2009,55I089350,55I089,THELMA R. PARKS ES,0.611,0.97,9.6,0.093,24,0,0.1,0.859,0.115
2893,2009,55I089351,55I089,PARKER ES,0.7,0.7,7.9,0.237,5.9,0,1.1,0.884,0.158
2894,2009,55I089352,55I089,PARMELEE ES,0.521,1,11.5,0.17,4.8,0,1.8,0.933,0.099
2895,2009,55I089353,55I089,PIERCE ES,0.538,0,7.9,0.086,31.7,0,0,0.964,0.113
2896,2009,55I089360,55I089,PRAIRIE QUEEN ES,0.642,0.99,9.8,0.141,19.5,0,0.5,0.856,0.116
2897,2009,55I089365,55I089,PUTNAM HEIGHTS ES,0.567,0,10,0.208,13.8,0,0,0.914,0.093
2898,2009,55I089368,55I089,QUAIL CREEK ES,0.091,1,6.9,0.069,0,0,3,0.14,0.09
2899,2009,55I089370,55I089,RANCHO VILLAGE ES,0.305,0.94,10.4,0.111,19.2,0,6.7,0.937,0.216
2900,2009,55I089375,55I089,RIDGEVIEW ES,0.247,0.9,6.4,0.105,11.6,0,8.1,0.685,0.167
2901,2009,55I089385,55I089,ROCKWOOD ES,0.423,0.92,10.4,0.128,4.5,0,2.6,0.979,0.06
2902,2009,55I089395,55I089,SEQUOYAH ES,0.413,0.98,7.3,0.109,35.9,197.5,5.2,0.853,0.099
2903,2009,55I089400,55I089,SHIDLER ES,0.564,0.6,8.4,0.144,7.9,0,1.1,0.829,0.036
2904,2009,55I089407,55I089,SOUTHERN HILLS ES,0.655,0.9,9.5,0.202,28.3,0,0.9,0.807,0.104
2905,2009,55I089408,55I089,SPENCER ES,0.421,0.93,10.1,0.159,3,0,0.2,0.942,0.107
2906,2009,55I089410,55I089,STAND WATIE ES,0.488,0.98,8.2,0.127,7.5,0,9.4,0.994,0.108
2907,2009,55I089415,55I089,STONEGATE ES,0.396,0.71,9.6,0.176,6.8,226,3.7,0.799,0.077
2908,2009,55I089417,55I089,TELSTAR ES,0.606,0.89,12.3,0.269,0,0,15.3,0.979,0.159
2909,2009,55I089440,55I089,VAN BUREN ES,0.545,0.87,7.7,0.152,14.3,0,6.4,0.959,0.045
2910,2009,55I089455,55I089,WEST NICHOLS HILLS ES,0.359,0.94,8.8,0.081,33.5,0,1.1,0.575,0.06
2911,2009,55I089460,55I089,WESTWOOD ES,0.646,1,7.9,0.154,37.4,0,16.7,0.957,0.1
2912,2009,55I089465,55I089,WHEELER COMMUNITY LEARNING CTR,0.56,0.82,8.9,0.021,14.4,0,0,0.967,0.124
2913,2009,55I089477,55I089,WILLOW BROOK ES,0.2,0,7.6,0.209,13.9,0,0,0.951,0.117
2914,2009,55I089480,55I089,WILSON ES,0.139,0.99,7.1,0.059,18.6,0,3,0.392,0.078
2915,2009,55I089503,55I089,BELLE ISLE ENTERPRISE SCHOOL,0,0.31,8.2,0.007,6.7,0,5.2,0.538,0.007
2916,2009,55I089508,55I089,CLASSEN MS OF ADVANCED STUDIES,0,0,7.3,0,16.9,122.5,0,0.335,0.067
2917,2009,55I089512,55I089,DOUGLASS MS,0,0,7.9,0.296,0.4,244,0,0.984,0.23
2918,2009,55I089515,55I089,JACKSON MS,0,0.8,11.7,0.166,1.3,66.3,1.6,0.991,0.127
2919,2009,55I089518,55I089,JEFFERSON MS,0,1,14.1,0.12,1.3,185,0.4,0.936,0.188
2920,2009,55I089521,55I089,NE ACAD HEALTH/SCI/ENGINEERING,0,0.75,15,0.022,4,192,0.5,0.823,0.094
2921,2009,55I089522,55I089,ROGERS MS,0,0,11.7,0.198,0.5,78.8,0,0.967,0.251
2922,2009,55I089523,55I089,ROOSEVELT MS,0,0.65,12.8,0.169,1.1,14.5,0.1,0.981,0.192
2923,2009,55I089525,55I089,TAFT MS,0,0.7,10.8,0.18,1,20.2,0.3,0.962,0.2
2924,2009,55I089530,55I089,WEBSTER MS,0,0.25,15.4,0.263,3.6,110.2,0.3,0.982,0.165
2925,2009,55I089535,55I089,JOHN MARSHALL MS,0,0,12.5,0.202,1.3,169.5,0,0.864,0.277
2926,2009,55I089540,55I089,OKLAHOMA CENTENNIAL MS,0,0.7,13.9,0.226,0.9,89.3,0.3,1,0.23
2927,2009,55I089705,55I089,CAPITOL HILL HS,0,0.35,23.9,0.164,1.9,32.9,0,0.95,0.191
2928,2009,55I089706,55I089,CLASSEN HS OF ADVANCED STUDIES,0,0,14.1,0.011,26.6,279.5,0,0.231,0.054
2929,2009,55I089707,55I089,DOUGLASS HS,0,0,12.3,0.227,1.3,134.5,0,0.961,0.212
2930,2009,55I089712,55I089,U. S. GRANT HS,0,0.38,23.6,0.156,2.2,41.2,0.2,0.899,0.155
2931,2009,55I089726,55I089,NEW JOHN MARSHALL HS,0,0,15.1,0.245,2.3,140,0,0.769,0.21
2932,2009,55I089750,55I089,OKLAHOMA CENTENNIAL HS,0,0.52,26,0.252,2.1,23.9,0.2,0.916,0.24
2933,2009,55I089760,55I089,NE ACAD HEALTH/SCI/ENGINEERING,0,0.65,15.4,0.014,12.3,98.3,0.6,0.671,0.061
2934,2009,55I089765,55I089,NORTHWEST CLASSEN HS,0,0.46,16.3,0.135,3.2,92.3,0.2,0.891,0.195
2935,2009,55I089770,55I089,SOUTHEAST HS,0,0.7,10.8,0.038,5.7,143.2,0.4,0.891,0.102
2936,2009,55I089780,55I089,STAR SPENCER HS,0,0.65,15.2,0.128,4.8,520,0.5,0.9,0.25
2937,2009,55I089971,55I089,INDEPENDENCE CHARTER MS,0,0.96,6.1,0.003,0,294,34.4,0.452,0.122
2938,2009,55I089973,55I089,WESTERN VILLAGE ACADEMY,0.306,1,5.7,0.072,30,0,29.1,0.888,0.091
2939,2009,55I089974,55I089,ASTEC CHARTER MS,0,1,5.3,0,8.2,37,0.3,0.914,0.076
2940,2009,55I089975,55I089,DOVE SCIENCE ACADEMY (OKC),0,0.56,4.8,0.501,12.3,0,0.1,0.829,0.056
2941,2009,55I089977,55I089,SANTA FE SOUTH HS,0,0.85,15.2,0.15,8.9,271.5,1.5,0.89,0.068
2942,2009,55I089978,55I089,HARDING CHARTER PREPARATORY HS,0,0.75,8.3,0.048,125.7,0,7.1,0.43,0.082
2943,2009,55I089979,55I089,MARCUS GARVEY LEADERSHIP CS,0.388,1,7.5,0.403,6.3,0,11.1,0.873,0.044
2944,2009,55I089981,55I089,SANTA FE SOUTH MS,0,0,6,0,0,0,0,0.944,0.08
2945,2009,55I089982,55I089,KIPP REACH COLLEGE PREPARATORY,0,0.7,8,0,1.4,138.5,2.9,0.852,0.072
2946,2009,55I089983,55I089,ASTEC CHARTER HS,0,0.36,5.3,0.092,19.6,143.7,0.2,0.55,0.046
2947,2009,55I089984,55I089,DOVE SCIENCE ACADEMY ES (OKC),0.096,0.8,5.8,0.012,5,0,1.1,0.813,0.042
4635,2010,55I089105,55I089,ADAMS ES,0.548,0.98,10.5,0.136,22.3,0,0.7,0.959,0.069
4636,2010,55I089110,55I089,ARTHUR ES,0.646,0.8,11.9,0.157,9.2,0,1.4,0.976,0.091
4637,2010,55I089123,55I089,BODINE ES,0.627,0,11.9,0.216,2.3,0,0,0.958,0.112
4638,2010,55I089125,55I089,BRITTON ES,0.517,0.92,9.9,0.124,7.9,0,2.4,0.954,0.092
4639,2010,55I089135,55I089,BUCHANAN ES,0.568,1,8.6,0.061,42.3,0,3.4,0.905,0.102
4640,2010,55I089154,55I089,CLEVELAND ES,0.256,0.87,9.6,0.064,38.2,0,6.5,0.395,0.102
4641,2010,55I089160,55I089,COLUMBUS ES,0.558,0.87,10.1,0.106,12.8,230,1,0.973,0.042
4642,2010,55I089165,55I089,COOLIDGE ES,0.492,1,10.4,0.17,15.7,0,0.3,0.904,0.102
4643,2010,55I089166,55I089,CAPITOL HILL ES,0.521,0.85,11.5,0.135,10.6,214.2,0.3,0.906,0.088
4644,2010,55I089170,55I089,F. D. MOON ES,0.567,0.53,9.3,0.213,3,0,0.2,0.975,0.079
4645,2010,55I089190,55I089,DUNBAR ES,0.569,0,10.5,0,0,0,0,0.994,0.084
4646,2010,55I089195,55I089,EDGEMERE ES,0.632,0.75,9.3,0.231,1.9,0,0.8,0.988,0.117
4647,2010,55I089205,55I089,EDWARDS ES,0.619,0.6,10.1,0.287,2.8,155,9.7,0.981,0.11
4648,2010,55I089206,55I089,EISENHOWER ES,0.549,1,10.7,0.19,2.7,472,1.2,0.922,0.127
4649,2010,55I089215,55I089,EUGENE FIELD ES,0.379,0.81,8.1,0.174,5.8,0,3.6,1.012,0.096
4650,2010,55I089220,55I089,FILLMORE ES,0.425,0.9,8.2,0.082,357.5,0,1.5,0.902,0.101
4651,2010,55I089240,55I089,GATEWOOD ES,0.603,0.51,10.1,0.156,84.7,0,0.6,0.827,0.071
4652,2010,55I089244,55I089,GREEN PASTURES ES,0.378,0.25,6.4,0.808,4.2,0,0.5,0.934,0.211
4653,2010,55I089255,55I089,HAWTHORNE ES,0.459,0.958,6.4,0.097,51.6,0,1.7,0.93,0.07
4654,2010,55I089260,55I089,HAYES ES,0.59,0.7,11.1,0.177,14.2,0,2.4,0.915,0.113
4655,2010,55I089265,55I089,HERONVILLE ES,0.495,0.9,9.3,0.122,9.1,0,0.2,0.951,0.037
4656,2010,55I089268,55I089,HILLCREST ES,0.563,0.58,12.8,0.162,19.8,0,0.2,0.873,0.133
4657,2010,55I089270,55I089,HORACE MANN ES,0.321,0,7.9,0.144,0,0,0,0.793,0.125
4658,2010,55I089275,55I089,JOHNSON ES,0.407,0.9,12.4,0.157,3.4,0,14.5,0.805,0.267
4659,2010,55I089280,55I089,KAISER ES,0.525,1,8.4,0.124,15.9,0,2.3,0.856,0.156
4660,2010,55I089283,55I089,M.L. KING JR. ES,0.393,0.89,9.6,0.212,1.8,0,4.8,0.945,0.121
4661,2010,55I089295,55I089,LEE ES,0.641,0.9,9.5,0.149,9,0,0.4,0.942,0.055
4662,2010,55I089305,55I089,LINWOOD ES,0.467,0.95,7.2,0.081,46.2,0,1.6,0.863,0.142
4663,2010,55I089315,55I089,MADISON ES,0.64,0,7.6,0,0,0,0,0.972,0.076
4664,2010,55I089320,55I089,MARK TWAIN ES,0.397,0.95,7.6,0.102,28.8,0,15.4,0.973,0.081
4665,2010,55I089335,55I089,MONROE ES,0.429,0.68,9.4,0.129,8.5,0,4.8,0.756,0.159
4666,2010,55I089340,55I089,NICHOLS HILLS ES,0.096,1,6,0.043,102.3,0,36.7,0.337,0.086
4667,2010,55I089343,55I089,NORTH HIGHLAND ES,0.59,0.95,9,0.205,10.5,137,10.9,1.007,0.073
4668,2010,55I089344,55I089,OAKRIDGE ES,0.525,0.85,9.1,0.169,4.5,0,0,0.962,0.099
4669,2010,55I089350,55I089,THELMA R. PARKS ES,0.593,0.9,10.9,0.108,4,147.5,0.2,0.824,0.095
4670,2010,55I089351,55I089,PARKER ES,0.682,0,7.8,0,0,0,0,0.886,0.143
4671,2010,55I089352,55I089,PARMELEE ES,0.597,1,10.2,0.159,3.2,0,1.6,0.935,0.081
4672,2010,55I089353,55I089,PIERCE ES,0.532,0,7.7,0.084,0,0,0,0.977,0.109
4673,2010,55I089360,55I089,PRAIRIE QUEEN ES,0.599,0.99,9.1,0.162,101.8,611,0.6,0.928,0.111
4674,2010,55I089365,55I089,PUTNAM HEIGHTS ES,0.558,0.8,9.6,0.136,50.8,0,1.5,0.928,0.085
4675,2010,55I089368,55I089,QUAIL CREEK ES,0.164,1,7.6,0.067,0,0,3,0.238,0.089
4676,2010,55I089370,55I089,RANCHO VILLAGE ES,0.273,0.95,11.2,0.13,13.4,0,5.4,0.993,0.164
4677,2010,55I089375,55I089,RIDGEVIEW ES,0.236,0.97,7.7,0.068,8.4,0,8.2,0.715,0.132
4678,2010,55I089385,55I089,ROCKWOOD ES,0.362,0.96,10.8,0.126,7.4,0,1.6,0.953,0.07
4679,2010,55I089395,55I089,SEQUOYAH ES,0.429,0.98,6.8,0.071,18.6,0,3.3,0.822,0.125
4680,2010,55I089400,55I089,SHIDLER ES,0.619,0.8,10.7,0.099,10.6,0,0.1,0.972,0.037
4681,2010,55I089407,55I089,SOUTHERN HILLS ES,0.573,0.75,10.5,0.199,17,0,0.6,0.883,0.077
4682,2010,55I089408,55I089,SPENCER ES,0.342,0.92,8.8,0.086,4.4,0,0.2,0.898,0.102
4683,2010,55I089410,55I089,STAND WATIE ES,0.51,0.97,9,0.092,8.4,0,9,0.944,0.081
4684,2010,55I089415,55I089,STONEGATE ES,0.403,1,9.4,0.221,5.7,112,1.3,0.795,0.089
4685,2010,55I089417,55I089,TELSTAR ES,0.554,0,11.1,0.269,0,0,0,0.982,0.189
4686,2010,55I089440,55I089,VAN BUREN ES,0.475,0.89,7.5,0.07,9.6,0,7.1,0.939,0.072
4687,2010,55I089455,55I089,WEST NICHOLS HILLS ES,0.44,0,10.2,0.1,0,0,0,0.588,0.078
4688,2010,55I089460,55I089,WESTWOOD ES,0.572,0.96,8.4,0.094,0,0,0.4,1,0.103
4689,2010,55I089465,55I089,WHEELER ES,0.425,0.96,9.2,0.133,9.3,0,0,0.977,0.113
4690,2010,55I089477,55I089,WILLOW BROOK ES,0.506,0.8,10.3,0.22,12.5,0,0.1,0.914,0.12
4691,2010,55I089480,55I089,WILSON ES,0.183,0.99,7.4,0.037,47.9,0,3,0.37,0.09
4692,2010,55I089503,55I089,BELLE ISLE MS,0,0.42,8.9,0.002,8.8,0,0,0.508,0.025
4693,2010,55I089508,55I089,CLASSEN MS OF ADVANCED STUDIES,0,0,8.2,0.002,0,0,0,0.295,0.06
4694,2010,55I089512,55I089,DOUGLASS MS,0,0.8,6.3,0.237,0.8,64.5,0.5,0.899,0.209
4695,2010,55I089515,55I089,JACKSON MS,0,0.6,11.8,0.168,2.5,10,0,0.924,0.128
4696,2010,55I089518,55I089,JEFFERSON MS,0,0.75,13.1,0.153,2.1,308.3,0.1,0.914,0.182
4697,2010,55I089521,55I089,NORTHEAST MS,0,0.65,9.7,0.015,4.7,141,0.5,0.766,0.092
4698,2010,55I089522,55I089,ROGERS MS,0,0.3,10.4,0.183,0.7,127.3,0.1,0.843,0.233
4699,2010,55I089523,55I089,ROOSEVELT MS,0,1,13.3,0.141,1,71,0.1,0.874,0.155
4700,2010,55I089525,55I089,TAFT MS,0,0.5,9,0.164,1.1,19,0.4,0.868,0.19
4701,2010,55I089530,55I089,WEBSTER MS,0,0.65,14.7,0.211,1.7,0,1,0.893,0.174
4702,2010,55I089535,55I089,JOHN MARSHALL MS,0,0.15,12.3,0.171,1.1,0,0.2,0.838,0.228
4703,2010,55I089540,55I089,OKLAHOMA CENTENNIAL MS,0,0.65,13.9,0.205,1.4,26.9,1,0.933,0.154
4704,2010,55I089705,55I089,CAPITOL HILL HS,0,0.21,21.9,0.158,2.2,19.8,0.2,0.915,0.167
4705,2010,55I089706,55I089,CLASSEN HS OF ADVANCED STUDIES,0,0,13.2,0.009,0,0,0,0.259,0.062
4706,2010,55I089707,55I089,DOUGLASS HS,0,0.8,8.5,0.221,1.5,86.2,0.2,0.818,0.209
4707,2010,55I089712,55I089,U. S. GRANT HS,0,0.72,20.4,0.105,1.9,28.5,0,0.854,0.157
4708,2010,55I089726,55I089,NEW JOHN MARSHALL HS,0,0.15,15.1,0.143,2.2,0,0.2,0.675,0.219
4709,2010,55I089750,55I089,OKLAHOMA CENTENNIAL HS,0,0.65,19.2,0.183,1.7,34.8,1,0.82,0.222
4710,2010,55I089760,55I089,NORTHEAST HS,0,0.65,12.1,0.029,6.4,0,0.3,0.631,0.076
4711,2010,55I089765,55I089,NORTHWEST CLASSEN HS,0,0.4,16.1,0.142,2.2,109.3,0.3,0.856,0.166
4712,2010,55I089770,55I089,SOUTHEAST HS,0,0.75,10.7,0.025,7.3,141.2,0.2,0.875,0.123
4713,2010,55I089780,55I089,STAR SPENCER HS,0,0.2,15.4,0.122,2.1,132.3,0.1,0.849,0.248
4714,2010,55I089971,55I089,INDEPENDENCE CHARTER MS,0,0.92,6.6,0.013,305,0,33.2,0.42,0.128
4715,2010,55I089973,55I089,WESTERN VILLAGE ACADEMY,0.245,0.98,6.3,0.064,22,0,16.7,0.879,0.076
4716,2010,55I089974,55I089,ASTEC CHARTER MS,0,1,5.3,0,61.2,367,0.6,0.902,0.074
4717,2010,55I089975,55I089,DOVE SCIENCE ACADEMY (OKC),0,0,6.2,0.013,0,0,0,0.751,0.052
4718,2010,55I089977,55I089,SANTA FE SOUTH HS,0,0.8,7.8,0.123,31.7,89.8,0.4,0.815,0.071
4719,2010,55I089978,55I089,HARDING CHARTER PREPARATORY HS,0,0.6,9.2,0.037,0,0,3.5,0.334,0.061
4720,2010,55I089979,55I089,MARCUS GARVEY LEADERSHIP CS,0.301,1,7.7,0.02,0,0,14.7,0.877,0.071
4721,2010,55I089981,55I089,SANTA FE SOUTH MS,0,1,7.6,0.009,11.2,33.7,1.3,0.933,0.081
4722,2010,55I089982,55I089,KIPP REACH COLLEGE PREPARATORY,0,0.75,9.5,0.005,1.7,62.8,3.2,0.773,0.084
4723,2010,55I089983,55I089,ASTEC CHARTER HS,0,0.2,4.5,0.014,26.7,253.5,0,0.454,0.053
4724,2010,55I089984,55I089,DOVE SCIENCE ACADEMY ES (OKC),0.257,0,6.8,0.007,0,0,0,0.775,0.042
6408,2011,55I089105,55I089,ADAMS ES,0.513,0.98,10.1,0.126,28.8,0,0.1,0.972,0.069
6409,2011,55I089110,55I089,ARTHUR ES,0.672,0.77,10.9,0.116,17.6,0,5.2,0.973,0.095
6410,2011,55I089123,55I089,BODINE ES,0.785,0.75,12.7,0.253,2.5,0,0.4,1.003,0.103
6411,2011,55I089125,55I089,BRITTON ES,0.351,0.87,10.4,0.181,6.8,0,1,0.936,0.072
6412,2011,55I089135,55I089,BUCHANAN ES,0.551,0.95,8.3,0.095,36.9,0,2.3,0.926,0.104
6413,2011,55I089154,55I089,CLEVELAND ES,0.201,0.94,8.9,0.063,17.8,0,6.5,0.468,0.11
6414,2011,55I089160,55I089,COLUMBUS ES,0.541,0.96,9,0.098,19,332,0.1,0.959,0.054
6415,2011,55I089165,55I089,COOLIDGE ES,0.489,0.99,8.8,0.127,13.9,0,0,0.919,0.106
6416,2011,55I089166,55I089,CAPITOL HILL ES,0.407,0,11.8,0.112,9.1,0,0,0.914,0.097
6417,2011,55I089170,55I089,F. D. MOON ES,0.437,0.98,9.4,0.21,4.4,315,2.9,0.933,0.07
6418,2011,55I089195,55I089,EDGEMERE ES,0.647,0.96,10.6,0.204,2.4,0,21.2,0.954,0.127
6419,2011,55I089205,55I089,EDWARDS ES,0.521,0.75,10.4,0.32,3.9,241,33.2,0.938,0.079
6420,2011,55I089206,55I089,EISENHOWER ES,0.446,0.63,0,0.217,3.1,470,1.3,0.909,0.111
6421,2011,55I089215,55I089,EUGENE FIELD ES,0.433,0.82,8.5,0.114,6.5,572,1.3,1.007,0.08
6422,2011,55I089220,55I089,FILLMORE ES,0.541,0.95,8,0.077,58.3,0,1.5,0.899,0.129
6423,2011,55I089240,55I089,GATEWOOD ES,0.513,0.67,9.8,0.087,3.2,0,1.4,0.86,0.081
6424,2011,55I089244,55I089,GREEN PASTURES ES,0.45,0,6.8,0.223,3.9,0,0,0.962,0.12
6425,2011,55I089255,55I089,HAWTHORNE ES,0.426,0.917,6.2,0.124,69.8,0,1.4,0.902,0.074
6426,2011,55I089260,55I089,HAYES ES,0.492,0,11.8,0.128,5.6,453,0,0.925,0.095
6427,2011,55I089265,55I089,HERONVILLE ES,0.527,0,8.9,0.109,14.7,0,0,0.955,0.062
6428,2011,55I089268,55I089,HILLCREST ES,0.49,0.88,10.4,0.157,17.7,0,0.2,0.819,0.155
6429,2011,55I089270,55I089,HORACE MANN ES,0.308,1,7.3,0.193,18.1,0,30.6,0.767,0.114
6430,2011,55I089275,55I089,JOHNSON ES,0.552,0.75,13.7,0.124,8.5,0,0.8,0.797,0.243
6431,2011,55I089280,55I089,KAISER ES,0.607,1,9.1,0.127,36.8,0,1.1,0.874,0.129
6432,2011,55I089283,55I089,M.L. KING JR. ES,0.351,0.53,9.7,0.184,1.7,0,0.1,0.982,0.115
6433,2011,55I089295,55I089,LEE ES,0.658,0.8,9.1,0.112,10.7,0,1.4,0.879,0.054
6434,2011,55I089305,55I089,LINWOOD ES,0.568,0.98,6.7,0.155,0,0,0.3,0.826,0.126
6435,2011,55I089320,55I089,MARK TWAIN ES,0.287,0,8.8,0.075,25.9,0,0,0.975,0.098
6436,2011,55I089335,55I089,MONROE ES,0.436,0.65,8.6,0.199,23.1,0,3.9,0.802,0.169
6437,2011,55I089340,55I089,NICHOLS HILLS ES,0.17,1,5.8,0.059,30.9,0,34.6,0.351,0.074
6438,2011,55I089343,55I089,NORTH HIGHLAND ES,0.539,0.93,8.4,0.196,13.6,0,7.4,0.951,0.056
6439,2011,55I089344,55I089,OAKRIDGE ES,0.463,0.62,11.6,0.266,3.1,264,0.1,0.977,0.11
6440,2011,55I089350,55I089,THELMA R. PARKS ES,0.616,0.2,8.1,0.213,1.6,0,0.4,0.921,0.079
6441,2011,55I089352,55I089,PARMELEE ES,0.58,0.98,10.3,0.139,3.3,0,1.5,0.97,0.07
6442,2011,55I089353,55I089,PIERCE ES,0.536,0,7.4,0.118,12.6,0,0,0.996,0.106
6443,2011,55I089360,55I089,PRAIRIE QUEEN ES,0.453,0.99,9.2,0.101,27.8,0,0.5,0.877,0.132
6444,2011,55I089365,55I089,PUTNAM HEIGHTS ES,0.461,0,10.5,0.174,303,0,0,0.918,0.069
6445,2011,55I089368,55I089,QUAIL CREEK ES,0.193,1,6.5,0.042,82.2,0,1.9,0.292,0.114
6446,2011,55I089370,55I089,RANCHO VILLAGE ES,0.244,0.85,10.3,0.116,16,0,7.8,1.008,0.168
6447,2011,55I089375,55I089,RIDGEVIEW ES,0.265,1,7.3,0.058,25.9,0,8.7,0.744,0.141
6448,2011,55I089385,55I089,ROCKWOOD ES,0.212,0.96,10.6,0.114,10.2,0,1,0.939,0.08
6449,2011,55I089395,55I089,SEQUOYAH ES,0.79,0.97,6.3,0.1,29.6,0,3.4,0.882,0.121
6450,2011,55I089400,55I089,SHIDLER ES,0.441,0.8,9.2,0.086,7.5,0,0.4,0.961,0.039
6451,2011,55I089407,55I089,SOUTHERN HILLS ES,0.541,0.84,8.8,0.231,11.4,0,2.8,0.882,0.085
6452,2011,55I089408,55I089,SPENCER ES,0.29,0.92,9.8,0.148,3.6,0,3.2,0.92,0.113
6453,2011,55I089410,55I089,STAND WATIE ES,0.536,0.95,8.8,0.123,10.8,0,5.9,0.905,0.085
6454,2011,55I089415,55I089,STONEGATE ES,0.325,0,0,0,0,0,0,0.816,0.071
6455,2011,55I089417,55I089,TELSTAR ES,0.543,0,14.4,0.284,7.5,0,0,1.007,0.197
6456,2011,55I089440,55I089,VAN BUREN ES,0.497,0.93,7.3,0.091,9.2,0,0.5,0.961,0.053
6457,2011,55I089455,55I089,WEST NICHOLS HILLS ES,0.405,0,10.2,0.078,111.3,0,0,0.59,0.093
6458,2011,55I089460,55I089,WESTWOOD ES,0.394,0.9,8.9,0.104,0,0,3.9,1.025,0.109
6459,2011,55I089465,55I089,WHEELER ES,0.481,0.65,8.2,0.09,13.2,0,0.1,0.861,0.124
6460,2011,55I089477,55I089,WILLOW BROOK ES,0.577,0.65,10.9,0.183,18.6,0,0.5,0.892,0.117
6461,2011,55I089480,55I089,WILSON ES,0.11,0.98,7.3,0.065,68.4,0,5.8,0.357,0.091
6462,2011,55I089503,55I089,BELLE ISLE MS,0,0.32,9.1,0.009,8,450,5,0.54,0.018
6463,2011,55I089508,55I089,CLASSEN MS OF ADVANCED STUDIES,0,0,7.4,0.01,31.5,0,0,0.327,0.039
6464,2011,55I089512,55I089,DOUGLASS MS,0,0.8,7.8,0.278,1.6,0,1.4,0.918,0.173
6465,2011,55I089515,55I089,JACKSON MS,0,0.85,12.4,0.15,1.8,72.6,0.1,1.02,0.114
6466,2011,55I089518,55I089,JEFFERSON MS,0,0.12,11.2,0.139,2.1,111.7,0,0.954,0.162
6467,2011,55I089521,55I089,NORTHEAST MS,0,0,10.7,0.022,3.7,0,0,0.818,0.095
6468,2011,55I089522,55I089,ROGERS MS,0,0,10.6,0.186,0.7,0,0,0.854,0.263
6469,2011,55I089523,55I089,ROOSEVELT MS,0,1,12.6,0.135,1,18.8,0.1,0.939,0.144
6470,2011,55I089525,55I089,TAFT MS,0,0,10.2,0.161,1.1,28.3,0,0.97,0.218
6471,2011,55I089530,55I089,WEBSTER MS,0,0.45,13.9,0.208,1,26.1,0.1,0.935,0.158
6472,2011,55I089535,55I089,JOHN MARSHALL MS,0,0.2,12.2,0.16,1.5,44.2,0.5,0.857,0.204
6473,2011,55I089540,55I089,OKLAHOMA CENTENNIAL MS,0,0.4,11.8,0.217,1.9,34.6,0.3,1.024,0.165
6474,2011,55I089705,55I089,CAPITOL HILL HS,0,0.4,21.9,0.193,1.9,12,0.1,0.878,0.135
6475,2011,55I089706,55I089,CLASSEN HS OF ADVANCED STUDIES,0,0,12,0.011,30.4,182.3,0,0.241,0.08
6476,2011,55I089707,55I089,DOUGLASS HS,0,0.75,10.8,0.195,1.4,59.4,1.1,0.796,0.209
6477,2011,55I089712,55I089,U. S. GRANT HS,0,0.1,20.5,0.113,2.1,26.5,0,0.935,0.152
6478,2011,55I089726,55I089,JOHN MARSHALL HS,0,0.2,16.1,0.204,2.9,0,0.8,0.775,0.225
6479,2011,55I089750,55I089,OKLAHOMA CENTENNIAL HS,0,0.25,20,0.26,4.1,117,0.3,0.946,0.197
6480,2011,55I089760,55I089,NORTHEAST HS,0,0,11.3,0.04,11.2,201,0,0.741,0.085
6481,2011,55I089765,55I089,NORTHWEST CLASSEN HS,0,0,15.7,0.131,3.2,32.4,0,0.885,0.163
6482,2011,55I089770,55I089,SOUTHEAST HS,0,0,10.8,0.044,6,350.5,0,0.913,0.124
6483,2011,55I089780,55I089,STAR SPENCER HS,0,0.4,15.8,0.133,3.2,53.5,0.2,0.907,0.227
6484,2011,55I089971,55I089,INDEPENDENCE CHARTER MS,0,0.92,6,0.007,30.3,0,31.2,0.482,0.125
6485,2011,55I089973,55I089,HUPFELD ACADEMY AT WESTERN VILLAGE,1.007,1,6.9,0.139,9.7,0,20.4,0.824,0.097
6486,2011,55I089974,55I089,ASTEC CHARTER MS,0,1,5.8,0.006,15,90.3,0.3,0.9,0.064
6487,2011,55I089975,55I089,DOVE SCIENCE ACADEMY (OKC),0,0,6.5,0,0,0,0,0.79,0.028
6488,2011,55I089977,55I089,SANTA FE SOUTH HS,0,0.75,10.6,0.017,11.6,185.7,0.2,0.9,0.074
6489,2011,55I089978,55I089,HARDING CHARTER PREPARATORY HS,0,0.4,8.2,0,0,0,16.2,0.355,0.065
6490,2011,55I089979,55I089,MARCUS GARVEY LEADERSHIP CS,0.191,0,7.9,0,0,0,0,0.963,0.08
6491,2011,55I089980,55I089,HARDING FINE ARTS ACADEMY,0,0.56,9.9,0.082,31.7,95,9.5,0.46,0.098
6492,2011,55I089981,55I089,SANTA FE SOUTH MS,0,1,5.7,0,13.7,48,0,0.914,0.086
6493,2011,55I089982,55I089,KIPP REACH COLLEGE PREPARATORY,0,0.8,7.9,0.004,1.6,55.4,2.9,0.812,0.112
6494,2011,55I089983,55I089,ASTEC CHARTER HS,0,0.98,4.5,0.018,10,64.3,0.1,0.485,0.036
6495,2011,55I089984,55I089,DOVE SCIENCE ACADEMY ES (OKC),0.238,0.87,7.1,0.003,6.1,0,1.6,0.803,0.056
8168,2012,55I089105,55I089,ADAMS ES,0.521,0.68,10.2,0.099,26.4,0,2.4,0.989,0.179
8169,2012,55I089110,55I089,ARTHUR ES,0.645,0.65,10.1,0.159,11.2,0,4.5,0.911,0.136
8170,2012,55I089123,55I089,BODINE ES,0.516,0.6,10,0.217,1.7,0,0,0.487,0.143
8171,2012,55I089125,55I089,BRITTON ES,0.484,0.87,10.3,0.189,3.1,0,1.2,0.393,0.159
8172,2012,55I089135,55I089,BUCHANAN ES,0.536,0.97,7.9,0.086,30.7,0,2.5,0.306,0.092
8173,2012,55I089150,55I089,CESAR CHAVEZ ES,0.471,0.74,7.5,0.027,8.7,0,0.5,0.971,0.083
8174,2012,55I089154,55I089,CLEVELAND ES,0.197,0.98,8,0.035,30.1,0,6.4,0.958,0.142
8175,2012,55I089160,55I089,COLUMBUS ES,0.504,0.73,9.3,0.103,15,0,0.3,0.998,0.113
8176,2012,55I089165,55I089,COOLIDGE ES,0.467,0.98,8.5,0.169,7.5,0,2.2,0.944,0.063
8177,2012,55I089166,55I089,CAPITOL HILL ES,0.424,0.85,11.6,0.337,6.5,0,0.7,0.888,0.123
8178,2012,55I089170,55I089,F. D. MOON ES,0.289,0.9,9.6,0.25,3,0,1.1,0.884,0.083
8179,2012,55I089195,55I089,EDGEMERE ES,0.843,0.67,7.3,0.176,3.2,167,3.1,0.536,0.143
8180,2012,55I089205,55I089,EDWARDS ES,0.688,0.65,10.5,0.268,2.3,0,59.7,0.968,0.056
8181,2012,55I089215,55I089,EUGENE FIELD ES,0.453,0.86,7.7,0.168,8.7,0,2.8,0.926,0.102
8182,2012,55I089220,55I089,FILLMORE ES,0.532,0.97,8.3,0.082,363,0,2.1,0.942,0.118
8183,2012,55I089240,55I089,GATEWOOD ES,0.416,0.74,8.5,0.203,3.6,112.5,1.6,0.975,0.102
8184,2012,55I089244,55I089,GREEN PASTURES ES,0.596,0,8.5,0.147,4,0,0,0.942,0.15
8185,2012,55I089251,55I089,GREYSTONE LOWER ES,0.154,0.97,13.7,0.167,10.4,353,4.9,0.991,0.077
8186,2012,55I089252,55I089,GREYSTONE UPPER ES,0.815,1,8.6,0.198,4.6,0,2.8,0.98,0.116
8187,2012,55I089255,55I089,HAWTHORNE ES,0.359,0.931,6.4,0.11,14.6,0,1.8,0.937,0.118
8188,2012,55I089260,55I089,HAYES ES,0.454,0.75,11.1,0.187,6.2,0,9.2,0.94,0.19
8189,2012,55I089265,55I089,HERONVILLE ES,0.606,0.81,9.6,0.084,8.6,750,1.4,0.983,0.105
8190,2012,55I089268,55I089,HILLCREST ES,0.335,0,10.7,0.187,6.6,0,0,0.849,0.061
8191,2012,55I089270,55I089,HORACE MANN ES,0.353,1,5.9,0.137,27.7,360,33.8,0.922,0.13
8192,2012,55I089275,55I089,JOHNSON ES,0.465,0.9,12.4,0.109,103.5,0,1.6,0.938,0.096
8193,2012,55I089280,55I089,KAISER ES,0.602,1,8.4,0.114,118.4,0,2.8,0.931,0.112
8194,2012,55I089283,55I089,M.L. KING JR. ES,0.385,0.4,10.6,0.2,3.9,240,4.9,0.938,0.083
8195,2012,55I089295,55I089,LEE ES,0.589,0,8,0.156,10.1,0,0,0.939,0.126
8196,2012,55I089305,55I089,LINWOOD ES,0.405,0.98,6.5,0.108,20.8,0,1.6,0.775,0.117
8197,2012,55I089320,55I089,MARK TWAIN ES,0.393,1,7.6,0.079,55.6,278,0.4,0.795,0.179
8198,2012,55I089335,55I089,MONROE ES,0.446,0.45,9.3,0.2,5.6,0,1.1,0.893,0.13
8199,2012,55I089340,55I089,NICHOLS HILLS ES,0.286,0.98,5.9,0.063,29.4,0,36.4,0.987,0.118
8200,2012,55I089343,55I089,NORTH HIGHLAND ES,0.549,0,7.5,0.222,5.3,0,0,0.939,0.058
8201,2012,55I089344,55I089,OAKRIDGE ES,0.689,0.68,10,0.266,3.1,0,0.3,0.87,0.096
8202,2012,55I089350,55I089,THELMA R. PARKS ES,0.555,0.85,11.2,0.204,1.7,0,0.5,0.962,0.132
8203,2012,55I089352,55I089,PARMELEE ES,0.63,0.92,10,0.164,6.5,0,1.7,0.804,0.18
8204,2012,55I089353,55I089,PIERCE ES,0.485,1,6.8,0.141,17,0,0,0.351,0.06
8205,2012,55I089360,55I089,PRAIRIE QUEEN ES,0.534,0.93,8,0.12,9.8,0,0.6,0.931,0.124
8206,2012,55I089365,55I089,PUTNAM HEIGHTS ES,0.453,0.58,7.9,0.212,0,0,2.1,0.981,0.078
8207,2012,55I089368,55I089,QUAIL CREEK ES,0.218,1,6.9,0.042,32.4,0,2.2,0.935,0.103
8208,2012,55I089370,55I089,RANCHO VILLAGE ES,0.39,0.95,9.4,0.109,13,0,1,0.93,0.072
8209,2012,55I089375,55I089,RIDGEVIEW ES,0.154,1,7.1,0.091,16,0,1.7,0.944,0.133
8210,2012,55I089385,55I089,ROCKWOOD ES,0.535,0,10.8,0.166,4.3,272.5,0,0.857,0.115
8211,2012,55I089395,55I089,SEQUOYAH ES,0.379,0.8,6.1,0.116,66.2,397,2,0.909,0.102
8212,2012,55I089400,55I089,SHIDLER ES,0.546,0.9,8,0.096,9.4,0,8.9,0.316,0.139
8213,2012,55I089407,55I089,SOUTHERN HILLS ES,0.458,0.89,8.5,0.204,9.7,0,1.8,0.962,0.164
8214,2012,55I089408,55I089,SPENCER ES,0.324,0.9,10.1,0.234,7.1,0,1.1,0.663,0.164
8215,2012,55I089410,55I089,STAND WATIE ES,0.5,0.95,7.9,0.1,8.3,609,6.7,0.981,0.084
8216,2012,55I089417,55I089,TELSTAR ES,0.629,0.76,12.4,0.201,5.5,321,1.1,0.815,0.124
8217,2012,55I089440,55I089,VAN BUREN ES,0.56,1,7.4,0.107,12.1,0,0.3,0.991,0.05
8218,2012,55I089455,55I089,WEST NICHOLS HILLS ES,0.228,0.95,9.2,0.12,27.3,0,3,0.888,0.102
8219,2012,55I089460,55I089,WESTWOOD ES,0.551,0.91,7,0.065,0,0,3,0.907,0.118
8220,2012,55I089465,55I089,WHEELER ES,0.381,0.73,7.7,0.108,15.6,531,0.3,0.974,0.086
8221,2012,55I089477,55I089,WILLOW BROOK ES,0.489,0.46,9.8,0.206,9.5,171.3,4.3,0.928,0.165
8222,2012,55I089480,55I089,WILSON ES,0.14,0.98,6.6,0.091,8.6,0,5.8,0.982,0.084
8223,2012,55I089503,55I089,BELLE ISLE MS,0,0.3,9.1,0.002,5.8,225,5,0.604,0.083
8224,2012,55I089508,55I089,CLASSEN MS OF ADVANCED STUDIES,0,0.93,8.2,0,19.9,418,5,0.974,0.114
8225,2012,55I089512,55I089,DOUGLASS MS,0,0,9.7,0.292,2.8,39.6,0,1.02,0.117
8226,2012,55I089515,55I089,JACKSON MS,0,0.9,10.8,0.16,0.9,30.8,0.8,0.932,0.148
8227,2012,55I089518,55I089,JEFFERSON MS,0,0.4,9.9,0.121,1.5,37.1,0.2,0.384,0.109
8228,2012,55I089521,55I089,NORTHEAST MS,0,0,10.7,0.055,2.9,156,0,0.436,0.018
8229,2012,55I089522,55I089,ROGERS MS,0,0.48,12.4,0.199,0.7,35.8,1.9,0.336,0
8230,2012,55I089523,55I089,ROOSEVELT MS,0,0,12.6,0.101,1,38.5,0,0.98,0
8231,2012,55I089525,55I089,TAFT MS,0,0.9,10.1,0.202,1,42.4,6.7,0.994,0.129
8232,2012,55I089530,55I089,WEBSTER MS,0,0,13.5,0.227,1.3,10.1,0,0.942,0.177
8233,2012,55I089535,55I089,JOHN MARSHALL MS,0,0.2,12.4,0.198,2.2,375,0.8,0.784,0
8234,2012,55I089540,55I089,OKLAHOMA CENTENNIAL MS,0,0.06,11.7,0.217,1.5,21.3,1.8,0.969,0.219
8235,2012,55I089705,55I089,CAPITOL HILL HS,0,0.75,20.7,0.166,4.1,15.8,0.1,0.995,0.164
8236,2012,55I089706,55I089,CLASSEN HS OF ADVANCED STUDIES,0,0.91,12.7,0.002,19.7,133.3,4.4,0.946,0.235
8237,2012,55I089707,55I089,DOUGLASS HS,0,0,13.4,0.173,1.6,125.3,0,0.939,0.158
8238,2012,55I089712,55I089,U. S. GRANT HS,0,0.11,20,0.097,2.2,36,0.5,0.852,0
8239,2012,55I089726,55I089,JOHN MARSHALL HS,0,0.2,17.3,0.207,0.9,78.8,1,0.988,0
8240,2012,55I089750,55I089,OKLAHOMA CENTENNIAL HS,0,0.04,21.1,0.23,1.4,50,1.4,0.902,0.123
8241,2012,55I089760,55I089,NORTHEAST HS,0,0,12.6,0.033,13.6,108.5,0,0.291,0.122
8242,2012,55I089765,55I089,NORTHWEST CLASSEN HS,0,0,17.2,0.164,3.7,36.4,0,0.842,0.301
8243,2012,55I089770,55I089,SOUTHEAST HS,0,0,11.8,0.057,4.4,698,0,0.915,0.124
8244,2012,55I089780,55I089,STAR SPENCER HS,0,0.8,16.3,0.107,2.2,62.1,4.6,0.737,0.307
8245,2012,55I089971,55I089,INDEPENDENCE CHARTER MS,0,0.8,5.8,0.01,151.5,0,27.8,0.975,0.323
8246,2012,55I089973,55I089,HUPFELD ACADEMY AT WESTERN VILLAGE,0.224,1,5,0.085,7.9,0,31.4,0.735,0.139
8247,2012,55I089974,55I089,ASTEC CHARTER MS,0,1,5.2,0.005,8.1,379,1.2,0.88,0.161
8248,2012,55I089975,55I089,DOVE SCIENCE ACADEMY (OKC),0,0.66,5.7,0.028,6.7,473,0.2,0.875,0.119
8249,2012,55I089977,55I089,SANTA FE SOUTH HS,0,0.78,11.1,0.046,6.1,0,3.9,0.908,0.247
8250,2012,55I089978,55I089,HARDING CHARTER PREPARATORY HS,0,0.6,4.1,0,0,0,10.7,0.548,0.138
8251,2012,55I089979,55I089,MARCUS GARVEY LEADERSHIP CS,0.098,0,5.7,0,0,0,0,0.882,0.112
8252,2012,55I089980,55I089,HARDING FINE ARTS ACADEMY,0,0.94,10.7,0.017,12.2,79.3,12.6,0.815,0.034
8253,2012,55I089981,55I089,SANTA FE SOUTH MS,0,1,5.3,0,12.7,381,2.8,0.859,0.081
8254,2012,55I089982,55I089,KIPP REACH COLLEGE PREPARATORY,0,0.8,8.2,0.016,1,136,2.9,0.474,0.029
8255,2012,55I089983,55I089,ASTEC CHARTER HS,0,1,6.2,0.028,7.1,128.3,1.3,0.909,0.051
8256,2012,55I089984,55I089,DOVE SCIENCE ACADEMY ES (OKC),0,0.96,6.1,0.004,24.7,0,6.3,0.583,0.086
9926,2013,55I089105,55I089,ADAMS ES,0.436,0.95,11.2,0.142,22,0,2.5,0.971,0.083
9927,2013,55I089110,55I089,ARTHUR ES,0.442,0.65,10.9,0.141,13.4,0,3.6,0.958,0.142
9928,2013,55I089123,55I089,BODINE ES,0.595,0.84,10.5,0.263,3.1,600,2.3,0.998,0.113
9929,2013,55I089125,55I089,BRITTON ES,0.508,0.54,9.2,0.178,6.5,0,0.1,0.944,0.063
9930,2013,55I089135,55I089,BUCHANAN ES,0.53,0.89,7.4,0.093,19.6,528,3.2,0.888,0.123
9931,2013,55I089150,55I089,CESAR CHAVEZ ES,0.484,0.83,9.4,0.109,5.8,0,0.1,0.884,0.083
9932,2013,55I089154,55I089,CLEVELAND ES,0.235,0.96,9.8,0.052,37.7,0,7,0.536,0.143
9933,2013,55I089160,55I089,COLUMBUS ES,0.483,0.78,10.5,0.104,42.1,0,0.3,0.968,0.056
9934,2013,55I089165,55I089,COOLIDGE ES,0.464,0.96,8.8,0.158,10.6,0,1.9,0.926,0.102
9935,2013,55I089166,55I089,CAPITOL HILL ES,0.476,0.85,13.1,0.151,5.7,266,0.7,0.942,0.118
9936,2013,55I089170,55I089,F. D. MOON ES,0.466,0.47,9.6,0.276,2.3,0,0,0.975,0.102
9937,2013,55I089195,55I089,EDGEMERE ES,0.562,0.56,8.5,0.201,6.4,0,1.9,0.942,0.15
9938,2013,55I089205,55I089,EDWARDS ES,0.326,0.55,10.8,0.195,10.5,0,64.2,0.991,0.077
9939,2013,55I089215,55I089,EUGENE FIELD ES,0.397,0.87,8.4,0.144,5.5,0,4.6,0.98,0.116
9940,2013,55I089220,55I089,FILLMORE ES,0.446,0.97,9.6,0.094,47.4,0,0.8,0.937,0.118
9941,2013,55I089240,55I089,GATEWOOD ES,0.523,0.47,9.1,0.127,3.5,0,1.4,0.94,0.19
9942,2013,55I089244,55I089,GREEN PASTURES ES,0.637,0.6,8,0.199,3.2,0,0.8,0.983,0.105
9943,2013,55I089251,55I089,GREYSTONE LOWER ES,0.387,1,13.9,0.224,9.1,0,5.4,0.849,0.061
9944,2013,55I089252,55I089,GREYSTONE UPPER ES,0.495,0.3,10,0.249,3.3,0,0.8,0.922,0.13
9945,2013,55I089255,55I089,HAWTHORNE ES,0.383,0.914,6.1,0.097,46.8,0,2.2,0.938,0.096
9946,2013,55I089260,55I089,HAYES ES,0.437,0.77,12.1,0.206,11.2,0,1.1,0.931,0.112
9947,2013,55I089265,55I089,HERONVILLE ES,0.552,0.95,11.8,0.125,11.5,957,0.9,0.938,0.083
9948,2013,55I089268,55I089,HILLCREST ES,0.441,0.72,12.7,0.151,5.1,0,1.8,0.939,0.126
9949,2013,55I089270,55I089,HORACE MANN ES,0.335,1,7,0.154,37.7,0,15.1,0.775,0.117
9950,2013,55I089275,55I089,JOHNSON ES,0.337,0.91,10.6,0.116,22.9,229,2.1,0.795,0.179
9951,2013,55I089280,55I089,KAISER ES,0.464,0.75,9.1,0.129,33.9,0,10.1,0.893,0.13
9952,2013,55I089283,55I089,M.L. KING JR. ES,0.362,0.8,10.6,0.19,2.2,543,2,0.987,0.118
9953,2013,55I089295,55I089,LEE ES,0.452,0.95,8.1,0.121,29.6,0,7.2,0.939,0.058
9954,2013,55I089305,55I089,LINWOOD ES,0.399,0.95,7.6,0.075,23.4,0,3.5,0.87,0.096
9955,2013,55I089320,55I089,MARK TWAIN ES,0.321,1,8.5,0.108,47.8,287,1.8,0.962,0.132
9956,2013,55I089335,55I089,MONROE ES,0.333,0.71,11.7,0.164,9,0,1.4,0.804,0.18
9957,2013,55I089340,55I089,NICHOLS HILLS ES,0.187,0.98,7.6,0.052,18.5,481,26.7,0.351,0.06
9958,2013,55I089343,55I089,NORTH HIGHLAND ES,0.57,0.54,10.7,0.259,1.3,0,0.2,0.931,0.124
9959,2013,55I089344,55I089,OAKRIDGE ES,0.611,0.63,10.4,0.216,5.2,0,0.7,0.981,0.078
9960,2013,55I089350,55I089,THELMA R. PARKS ES,0.405,0.7,10.9,0.276,1.2,0,2.5,0.935,0.103
9961,2013,55I089352,55I089,PARMELEE ES,0.37,0.83,10.4,0.204,8.9,0,3.3,0.93,0.072
9962,2013,55I089353,55I089,PIERCE ES,0.348,1,7.4,0.087,24.9,0,0.2,0.944,0.133
9963,2013,55I089360,55I089,PRAIRIE QUEEN ES,0.378,0.75,9.4,0.136,18.6,0,0.5,0.857,0.115
9964,2013,55I089365,55I089,PUTNAM HEIGHTS ES,0.395,0.62,7.9,0.161,6.6,0,2.4,0.909,0.102
9965,2013,55I089368,55I089,QUAIL CREEK ES,0.183,1,5.9,0.055,33,0,5.3,0.316,0.139
9966,2013,55I089370,55I089,RANCHO VILLAGE ES,0.349,0.95,11,0.121,24.3,0,1.2,0.962,0.164
9967,2013,55I089375,55I089,RIDGEVIEW ES,0.189,1,8.7,0.11,12.8,0,1.4,0.663,0.164
9968,2013,55I089385,55I089,ROCKWOOD ES,0.379,1,10.7,0.092,11.3,0,2.5,0.981,0.084
9969,2013,55I089395,55I089,SEQUOYAH ES,0.333,0.75,7.3,0.115,54.1,0,0.3,0.815,0.124
9970,2013,55I089400,55I089,SHIDLER ES,0.581,0.91,10.1,0.137,12.5,0,2.3,0.991,0.05
9971,2013,55I089407,55I089,SOUTHERN HILLS ES,0.402,0.91,9.9,0.156,28.3,0,2.5,0.888,0.102
9972,2013,55I089408,55I089,SPENCER ES,0.39,0.7,10.2,0.134,3.9,0,0.2,0.907,0.118
9973,2013,55I089410,55I089,STAND WATIE ES,0.545,0.82,8.9,0.081,8.1,0,0.8,0.974,0.086
9974,2013,55I089417,55I089,TELSTAR ES,0.558,0.98,13.1,0.281,5.6,0,1.6,0.928,0.165
9975,2013,55I089440,55I089,VAN BUREN ES,0.595,0.68,8.5,0.153,13.6,0,0.2,0.982,0.084
9976,2013,55I089455,55I089,WEST NICHOLS HILLS ES,0.253,0.98,8.2,0.086,33.8,0,1.5,0.604,0.083
9977,2013,55I089460,55I089,WESTWOOD ES,0.4,0.9,7.4,0.075,58.5,0,5.6,0.974,0.114
9978,2013,55I089465,55I089,WHEELER ES,0.525,0.42,9,0.169,5.3,512,0.2,1.02,0.117
9979,2013,55I089477,55I089,WILLOW BROOK ES,0.517,0.58,11,0.177,16.4,0,5.9,0.932,0.148
9980,2013,55I089480,55I089,WILSON ES,0.193,0.88,8.1,0.135,8.2,0,4.2,0.384,0.109
9981,2013,55I089503,55I089,BELLE ISLE MS,0,0.32,8.2,0.009,5.9,0,4.8,0.436,0.018
9982,2013,55I089508,55I089,CLASSEN MS OF ADVANCED STUDIES,0,0.5,8.5,0.002,31.6,221.5,7.3,0.336,0
9983,2013,55I089512,55I089,DOUGLASS MS,0,0.5,14.7,0.204,0.9,84,0.5,0.98,0
9984,2013,55I089515,55I089,JACKSON MS,0,0.8,12,0.15,1.1,49.6,0.6,0.994,0.129
9985,2013,55I089518,55I089,JEFFERSON MS,0,0.4,12,0.117,2.3,36.2,0.2,0.942,0.177
9986,2013,55I089521,55I089,NORTHEAST MS,0,0.75,9,0.031,5.8,134,0.7,0.784,0
9987,2013,55I089522,55I089,ROGERS MS,0,0.83,11.6,0.186,0.9,0,1.1,0.969,0.219
9988,2013,55I089523,55I089,ROOSEVELT MS,0,0.37,14.8,0.121,1.4,16.6,0,0.995,0.164
9989,2013,55I089525,55I089,TAFT MS,0,0.42,10.1,0.173,1,53.9,0.4,0.946,0.235
9990,2013,55I089530,55I089,WEBSTER MS,0,0.74,14,0.127,1.6,22.9,0.3,0.939,0.158
9991,2013,55I089535,55I089,JOHN MARSHALL MS,0,0.33,11.5,0.18,2.9,23,1.1,0.852,0
9992,2013,55I089540,55I089,OKLAHOMA CENTENNIAL MS,0,0.62,13.9,0.203,0.9,25.7,2.1,0.988,0
9993,2013,55I089705,55I089,CAPITOL HILL HS,0,0.41,22.1,0.138,2.6,16.4,0.3,0.902,0.123
9994,2013,55I089706,55I089,CLASSEN HS OF ADVANCED STUDIES,0,0.5,12.5,0.002,16.7,533,6.1,0.291,0.122
9995,2013,55I089707,55I089,DOUGLASS HS,0,0.78,19.1,0.241,2,87.2,0.9,0.842,0.301
9996,2013,55I089712,55I089,U. S. GRANT HS,0,0.27,19.5,0.117,2.4,23.2,0.1,0.915,0.124
9997,2013,55I089726,55I089,JOHN MARSHALL HS,0,0.22,16.4,0.164,2,69,5.1,0.737,0.307
9998,2013,55I089750,55I089,OKLAHOMA CENTENNIAL HS,0,0.62,21.2,0.288,1.2,36.1,1.7,0.975,0.323
9999,2013,55I089760,55I089,NORTHEAST HS,0,0.75,12.2,0.018,13.5,76.7,0.4,0.735,0.139
10000,2013,55I089765,55I089,NORTHWEST CLASSEN HS,0,0.227,15.1,0.162,2.5,27.6,0.2,0.88,0.161
10001,2013,55I089770,55I089,SOUTHEAST HS,0,0.72,12.3,0.04,4.9,0,0.1,0.875,0.119
10002,2013,55I089780,55I089,STAR SPENCER HS,0,0.96,15.7,0.084,2.6,44.5,3.4,0.908,0.247
10003,2013,55I089971,55I089,INDEPENDENCE CHARTER MS,0,0.9,6.8,0.007,305,0,27.9,0.548,0.138
10004,2013,55I089973,55I089,HUPFELD ACADEMY AT WESTERN VILLAGE,0.444,1,5.8,0.067,2.7,0,47.5,0.882,0.112
10005,2013,55I089975,55I089,DOVE SCIENCE ACADEMY (OKC),0,0.58,5.6,0.042,5.3,118.8,0.5,0.815,0.034
10006,2013,55I089977,55I089,SANTA FE SOUTH HS,0,0.84,10.7,0.084,181.7,0,1.4,0.859,0.081
10007,2013,55I089978,55I089,HARDING CHARTER PREPARATORY HS,0,0.4,4.8,0,0,0,1,0.474,0.029
10008,2013,55I089979,55I089,MARCUS GARVEY LEADERSHIP CS,0.355,0,3.9,0,0,0,0,0.909,0.051
10009,2013,55I089980,55I089,HARDING FINE ARTS ACADEMY,0,0.57,10.4,0.021,28,67.2,8.9,0.583,0.086
10010,2013,55I089981,55I089,SANTA FE SOUTH MS,0,1,5.2,0,20,126.7,0.8,0.929,0.076
10011,2013,55I089982,55I089,KIPP REACH COLLEGE PREPARATORY,0,0.8,8.1,0.037,1.3,44.8,3,0.773,0.108
10012,2013,55I089983,55I089,ASTEC CHARTER HS,0,1,8.9,0.021,10.8,115.7,0.2,0.922,0.078
10013,2013,55I089984,55I089,DOVE SCIENCE ACADEMY ES (OKC),0.437,0.95,6.1,0.01,16.4,59.2,4.5,0.791,0.074
11691,2014,55I089105,55I089,ADAMS ES,0.673,0.89,10.5,0.121,13.8,715,2.1,0.961,0.087
11692,2014,55I089110,55I089,ARTHUR ES,0.665,0.8,11.7,0.144,9.3,338.5,0.5,0.954,0.145
11693,2014,55I089123,55I089,BODINE ES,0.744,0.76,12.1,0.236,15.2,576,2.5,0.991,0.109
11694,2014,55I089125,55I089,BRITTON ES,0.615,0.93,9.9,0.165,5.1,321,1.9,0.924,0.075
11695,2014,55I089135,55I089,BUCHANAN ES,0.648,1,6.7,0.073,20.9,0,2.4,0.89,0.103
11696,2014,55I089150,55I089,CESAR CHAVEZ ES,0.705,0.85,9.9,0.106,6.7,1014,0.5,0.945,0.076
11697,2014,55I089154,55I089,CLEVELAND ES,0.343,0.97,7.4,0.058,26.4,0,5.4,0.528,0.131
11698,2014,55I089160,55I089,COLUMBUS ES,0.683,0,9.8,0,0,0,0,0.976,0.072
11699,2014,55I089165,55I089,COOLIDGE ES,0.627,0.88,9.6,0.149,6.4,0,0.3,0.959,0.102
11700,2014,55I089166,55I089,CAPITOL HILL ES,0.626,0.98,9.5,0.146,9.5,0,1.8,0.993,0.111
11701,2014,55I089170,55I089,F. D. MOON ES,0.634,0.85,9.5,0.19,5,126,2.3,1.008,0.101
11702,2014,55I089195,55I089,EDGEMERE ES,0.605,0.5,7.9,0.167,11.7,0,0.9,0.935,0.126
11703,2014,55I089205,55I089,EDWARDS ES,0.594,0.75,10.8,0.143,2.3,0,2.6,0.983,0.078
11704,2014,55I089215,55I089,EUGENE FIELD ES,0.577,0.8,7.9,0.125,9,0,3.6,1.003,0.107
11705,2014,55I089220,55I089,FILLMORE ES,0.634,0.9,9,0.093,71.8,0,2.1,0.936,0.11
11706,2014,55I089240,55I089,GATEWOOD ES,0.573,0.88,7.8,0.146,6.3,0,5,0.904,0.178
11707,2014,55I089244,55I089,GREEN PASTURES ES,0.685,0.3,9.6,0.268,2.3,0,0.5,1.004,0.086
11708,2014,55I089251,55I089,GREYSTONE LOWER ES,0.46,0.98,12.9,0.192,11.4,0,13.8,0.833,0.073
11709,2014,55I089252,55I089,GREYSTONE UPPER ES,0.59,0.6,9.7,0.189,3.2,230.5,0.6,0.907,0.132
11710,2014,55I089255,55I089,HAWTHORNE ES,0.59,0.941,5.7,0.081,49.5,0,2.1,0.958,0.083
11711,2014,55I089260,55I089,HAYES ES,0.631,0.92,11.6,0.174,7.6,0,0.9,0.945,0.086
11712,2014,55I089265,55I089,HERONVILLE ES,0.665,0.87,11.3,0.083,10.9,76.2,2,0.923,0.081
11713,2014,55I089268,55I089,HILLCREST ES,0.64,0.8,10.9,0.222,4.2,0,0.1,0.951,0.114
11714,2014,55I089270,55I089,HORACE MANN ES,0.537,0.95,6.7,0.157,136.7,0,6.6,0.851,0.093
11715,2014,55I089275,55I089,JOHNSON ES,0.612,0.923,10.6,0.105,56,0,3.2,0.786,0.214
11716,2014,55I089280,55I089,KAISER ES,0.669,0.99,9,0.123,12.1,0,2.1,0.844,0.134
11717,2014,55I089283,55I089,M.L. KING JR. ES,0.712,0.48,9.8,0.151,2.7,70.8,0.3,0.997,0.15
11718,2014,55I089295,55I089,LEE ES,0.602,0.98,9.2,0.114,31.6,695,5.5,0.99,0.055
11719,2014,55I089305,55I089,LINWOOD ES,0.484,0.96,6.6,0.055,13.1,0,0.8,0.925,0.126
11720,2014,55I089320,55I089,MARK TWAIN ES,0.624,1,8,0.076,102.7,0,8.3,0.964,0.146
11721,2014,55I089335,55I089,MONROE ES,0.579,0.73,10.4,0.168,7.5,0,1,0.822,0.155
11722,2014,55I089340,55I089,NICHOLS HILLS ES,0.376,0.96,7.3,0.035,24.7,0,21.3,0.384,0.062
11723,2014,55I089343,55I089,NORTH HIGHLAND ES,0.669,0.4,10.6,0.258,3.1,0,15.9,0.96,0.086
11724,2014,55I089344,55I089,OAKRIDGE ES,0.698,0.63,9.7,0.158,7.4,0,0.5,0.975,0.087
11725,2014,55I089350,55I089,THELMA R. PARKS ES,0.496,0.6,11.7,0.297,3.2,0,4,0.98,0.126
11726,2014,55I089352,55I089,PARMELEE ES,0.72,1,10.8,0.168,13.3,0,3,0.935,0.059
11727,2014,55I089353,55I089,PIERCE ES,0.577,0.99,8.4,0.107,35.9,0,0.3,0.913,0.132
11728,2014,55I089360,55I089,PRAIRIE QUEEN ES,0.624,0.85,9,0.083,14,0,0.3,0.898,0.106
11729,2014,55I089365,55I089,PUTNAM HEIGHTS ES,0.63,0.92,8.4,0.143,47,0,2.4,0.947,0.082
11730,2014,55I089368,55I089,QUAIL CREEK ES,0.292,1,6.8,0.077,51.8,0,5.3,0.384,0.116
11731,2014,55I089370,55I089,RANCHO VILLAGE ES,0.62,0.97,10.9,0.113,33.6,0,0.3,0.989,0.117
11732,2014,55I089375,55I089,RIDGEVIEW ES,0.291,1,7.8,0.086,20.7,0,1.1,0.676,0.171
11733,2014,55I089385,55I089,ROCKWOOD ES,0.691,0.719,11.2,0.123,5.4,71.2,2.8,0.958,0.07
11734,2014,55I089395,55I089,SEQUOYAH ES,0.521,0.85,7.7,0.099,28.4,0,0.9,0.85,0.132
11735,2014,55I089400,55I089,SHIDLER ES,0.781,0.92,9.7,0.068,9.7,0,14,0.991,0.05
11736,2014,55I089407,55I089,SOUTHERN HILLS ES,0.592,0.86,9.9,0.176,19.1,0,3,0.881,0.085
11737,2014,55I089408,55I089,SPENCER ES,0.579,0.84,8.5,0.183,3.8,0,0.5,0.917,0.128
11738,2014,55I089410,55I089,STAND WATIE ES,0.712,0.82,10.3,0.088,7.6,0,1.5,0.86,0.081
11739,2014,55I089417,55I089,TELSTAR ES,0.775,0.96,14.1,0.253,1.7,0,14.2,0.945,0.194
11740,2014,55I089440,55I089,VAN BUREN ES,0.71,0.88,7.9,0.102,12.5,0,0.2,0.938,0.101
11741,2014,55I089455,55I089,WEST NICHOLS HILLS ES,0.404,0.97,8.3,0.053,50.9,0,1.2,0.57,0.09
11742,2014,55I089460,55I089,WESTWOOD ES,0.554,0.92,7.4,0.06,49.9,0,7,0.969,0.126
11743,2014,55I089465,55I089,WHEELER ES,0.635,0.73,9.6,0.083,6.1,0,0.3,0.996,0.118
11744,2014,55I089477,55I089,WILLOW BROOK ES,0.715,0.74,12.1,0.185,24.7,0,11.4,0.956,0.136
11745,2014,55I089480,55I089,WILSON ES,0.349,0.99,7.5,0.085,9.6,0,5.1,0.448,0.087
11746,2014,55I089503,55I089,BELLE ISLE MS,0,0.32,6.7,0.004,9.8,0,4.7,0.422,0.02
11747,2014,55I089508,55I089,CLASSEN MS OF ADVANCED STUDIES,0,0.86,7.3,0.002,153.7,461,5.1,0.319,0
11748,2014,55I089512,55I089,DOUGLASS MS,0,0.47,11.1,0.177,0.6,33.8,0.3,0.989,0
11749,2014,55I089515,55I089,JACKSON MS,0,0,12.3,0,0,0,0,0.974,0.137
11750,2014,55I089518,55I089,JEFFERSON MS,0,1,11,0.098,2.1,22,0,0.968,0.18
11751,2014,55I089521,55I089,NORTHEAST MS,0,0.4,7.8,0,5.7,0,3.1,0.832,0
11752,2014,55I089522,55I089,ROGERS MS,0,0.25,12.5,0.197,1.1,167,0.1,0.931,0.237
11753,2014,55I089523,55I089,ROOSEVELT MS,0,0.4,12.5,0.086,2.5,79.3,0.4,0.965,0.163
11754,2014,55I089525,55I089,TAFT MS,0,0.2,12,0.138,1.2,35.1,0.8,0.891,0.247
11755,2014,55I089530,55I089,WEBSTER MS,0,0.25,12,0.146,1.8,42.1,0.1,0.927,0.165
11756,2014,55I089535,55I089,JOHN MARSHALL MS,0,0.3,9.5,0.16,3.2,74.7,1.1,0.888,0
11757,2014,55I089540,55I089,OKLAHOMA CENTENNIAL MS,0,0.3,11.4,0.224,1.4,12.1,0.6,0.98,0.004
11758,2014,55I089705,55I089,CAPITOL HILL HS,0,0.42,20.6,0.118,2.6,14.5,0.3,0.876,0.117
11759,2014,55I089706,55I089,CLASSEN HS OF ADVANCED STUDIES,0,0.55,12,0.002,84.5,84.5,4.6,0.284,0.126
11760,2014,55I089707,55I089,DOUGLASS HS,0,0.47,16.2,0.221,1.1,18.4,0.2,0.941,0.357
11761,2014,55I089712,55I089,U. S. GRANT HS,0,0.22,18.7,0.104,2.6,23.3,0,0.893,0.143
11762,2014,55I089726,55I089,JOHN MARSHALL HS,0,0.3,15,0.118,2.4,55.1,0.6,0.798,0.34
11763,2014,55I089750,55I089,OKLAHOMA CENTENNIAL HS,0,0.25,16,0.209,1.2,16.8,0.4,0.944,0.316
11764,2014,55I089760,55I089,NORTHEAST HS,0,0.35,12.1,0.01,12.3,0,1.7,0.761,0.139
11765,2014,55I089765,55I089,NORTHWEST CLASSEN HS,0,0.167,14.5,0.154,3.5,39.3,0,0.812,0.16
11766,2014,55I089770,55I089,SOUTHEAST HS,0,0.6,13,0.032,5.4,707,0.1,0.869,0.13
11767,2014,55I089780,55I089,STAR SPENCER HS,0,0.8,16.1,0.135,2.3,41.7,3.6,0.895,0.271
11768,2014,55I089971,55I089,INDEPENDENCE CHARTER MS,0,0.93,5.2,0.02,304,0,29.2,0.602,0.168
11769,2014,55I089973,55I089,HUPFELD ACADEMY AT WESTERN VILLAGE,0.518,1,6.4,0.091,3.3,0,24.2,0.888,0.152
11770,2014,55I089974,55I089,ASTEC CHARTER MS,0,1,3.8,0.002,4.5,103,0.4,0.939,0.095
11771,2014,55I089975,55I089,DOVE SCIENCE ACADEMY (OKC),0,0.63,5.8,0.023,4.2,246.5,0.8,0.858,0.041
11772,2014,55I089977,55I089,SANTA FE SOUTH HS,0,0.8,8.8,0.083,18.6,0,2.5,0.926,0.087
11773,2014,55I089978,55I089,HARDING CHARTER PREPARATORY HS,0,0.7,4.2,0.004,0,0,10.5,0.487,0.036
11774,2014,55I089980,55I089,HARDING FINE ARTS ACADEMY,0,0.57,8.4,0.006,26.9,0,12.7,0.554,0.077
11775,2014,55I089981,55I089,SANTA FE SOUTH MS,0,1,4.8,0,7.1,130,2.4,0.959,0.118
11776,2014,55I089982,55I089,KIPP REACH COLLEGE PREPARATORY,0,0,8.4,0,0,0,0,0.813,0.11
11777,2014,55I089983,55I089,ASTEC CHARTER HS,0,1,9,0.008,2.3,76.6,0.3,0.924,0.104
11778,2014,55I089984,55I089,DOVE SCIENCE ACADEMY ES (OKC),0.59,0.97,6.4,0,76.3,305,3.8,0.761,0.075
11779,2014,55I089986,55I089,HARPER ACADEMY,0,0.02,42.4,0.513,0,0,11.4,0.841,0
15220,2015,55I089105,55I089,ADAMS ES,0.65,0.85,10.1,0.11,13.6,NULL,2.6,0.83,0.1
15221,2015,55I089110,55I089,ARTHUR ES,0.66,NULL,12.4,0.16,8.9,NULL,NULL,0.89,0.11
15222,2015,55I089123,55I089,BODINE ES,0.62,0.7,12.2,0.21,24.2,338.5,1.2,1,0.13
15223,2015,55I089125,55I089,BRITTON ES,0.59,0.88,10.6,0.19,5.1,NULL,17,0.88,0.1
15224,2015,55I089135,55I089,BUCHANAN ES,0.57,0.9,6.9,0.08,14.3,NULL,1,0.89,0.1
15225,2015,55I089150,55I089,CESAR CHAVEZ ES,0.62,0.85,10.3,0.11,7.7,869,0.6,0.81,0.1
15226,2015,55I089154,55I089,CLEVELAND ES,0.27,0.99,6.6,0.06,43.2,NULL,5.9,0.56,0.11
15227,2015,55I089165,55I089,COOLIDGE ES,0.61,0.96,10.8,0.15,8.4,NULL,0.6,0.83,0.1
15228,2015,55I089166,55I089,CAPITOL HILL ES,0.49,0.95,10.1,0.19,9.9,NULL,1.4,0.97,0.09
15229,2015,55I089170,55I089,F. D. MOON ES,0.58,0.45,10.1,0.24,12.6,NULL,2.7,1,0.08
15230,2015,55I089195,55I089,EDGEMERE ES,0.59,0.69,10.6,0.18,3.3,189,3.2,0.88,0.11
15231,2015,55I089205,55I089,EDWARDS ES,0.5,0.47,12.4,0.2,3.3,312,2.6,1,0.07
15232,2015,55I089215,55I089,EUGENE FIELD ES,0.5,0.82,9.7,0.12,8.3,NULL,5.9,0.81,0.1
15233,2015,55I089220,55I089,FILLMORE ES,0.58,0.95,9.7,0.07,33.4,NULL,2.1,0.65,0.12
15234,2015,55I089240,55I089,GATEWOOD ES,0.51,0.75,7.8,0.16,16,NULL,3.6,0.81,0.15
15235,2015,55I089244,55I089,GREEN PASTURES ES,0.67,0.55,10.2,0.23,3,NULL,0.8,1,0.06
15236,2015,55I089251,55I089,GREYSTONE LOWER ES,0.47,0.7,14.8,0.2,27.4,NULL,0.9,0.81,0.05
15237,2015,55I089252,55I089,GREYSTONE UPPER ES,0.69,0.5,9.7,0.23,6.4,NULL,0.8,0.94,0.12
15238,2015,55I089255,55I089,HAWTHORNE ES,0.56,0.97,6.2,0.1,23.1,NULL,2.6,0.7,0.09
15239,2015,55I089260,55I089,HAYES ES,0.58,0.82,10.2,0.14,16.3,NULL,2.2,0.92,0.11
15240,2015,55I089265,55I089,HERONVILLE ES,0.61,0.8,11.6,0.07,15.3,NULL,2,0.72,0.1
15241,2015,55I089268,55I089,HILLCREST ES,0.56,0.8,11,0.15,4,578,0.8,0.81,0.12
15242,2015,55I089270,55I089,HORACE MANN ES,0.49,0.98,7.6,0.1,23.5,446,8.4,0.7,0.11
15243,2015,55I089273,55I089,JACKSON ES,0.6,0.92,10,0.1,27,189.3,1.1,0.75,0.08
15244,2015,55I089275,55I089,JOHNSON ES,0.46,1,9.1,0.07,78,NULL,5.3,0.81,0.23
15245,2015,55I089280,55I089,KAISER ES,0.6,1,8.8,0.08,9.5,NULL,3.1,0.76,0.11
15246,2015,55I089283,55I089,M.L. KING JR. ES,0.67,0.65,9.7,0.16,1.4,229,6.6,1,0.17
15247,2015,55I089295,55I089,LEE ES,0.62,0.99,8.3,0.12,23.8,NULL,7.9,0.73,0.07
15248,2015,55I089305,55I089,LINWOOD ES,0.44,0.95,7.4,0.07,46.5,512,4.6,0.86,0.11
15249,2015,55I089320,55I089,MARK TWAIN ES,0.51,1,8.1,0.08,171.5,NULL,10.8,0.84,0.18
15250,2015,55I089335,55I089,MONROE ES,0.63,0.73,10.4,0.16,14.9,NULL,1.1,0.83,0.18
15251,2015,55I089340,55I089,NICHOLS HILLS ES,0.28,0.95,7.5,0.03,43.8,NULL,11.4,0.4,0.06
15252,2015,55I089343,55I089,NORTH HIGHLAND ES,0.66,0.9,9.8,0.18,3.8,NULL,15.6,1,0.13
15253,2015,55I089344,55I089,OAKRIDGE ES,0.59,0.56,9,0.17,5.8,NULL,0.1,1,0.11
15254,2015,55I089350,55I089,THELMA R. PARKS ES,0.59,0.5,9.8,0.21,2.4,349,1.1,1,0.1
15255,2015,55I089352,55I089,PARMELEE ES,0.58,1,10.7,0.14,5.9,1021,2.3,0.83,0.07
15256,2015,55I089353,55I089,PIERCE ES,0.46,1,9.1,0.09,40.4,NULL,4.2,0.8,0.1
15257,2015,55I089360,55I089,PRAIRIE QUEEN ES,0.56,0.75,9.6,0.12,16.8,NULL,0.3,0.72,0.09
15258,2015,55I089365,55I089,PUTNAM HEIGHTS ES,0.48,0.73,7.7,0.13,23.7,NULL,1.5,0.89,0.08
15259,2015,55I089368,55I089,QUAIL CREEK ES,0.27,1,6.3,0.06,45.9,NULL,5.2,0.41,0.1
15260,2015,55I089370,55I089,RANCHO VILLAGE ES,0.55,0.95,11,0.09,150.7,NULL,2,0.83,0.12
15261,2015,55I089375,55I089,RIDGEVIEW ES,0.25,0.97,7.8,0.1,84.8,NULL,1.5,0.66,0.13
15262,2015,55I089385,55I089,ROCKWOOD ES,0.54,0.94,10.2,0.11,10.8,NULL,3.9,1,0.07
15263,2015,55I089395,55I089,SEQUOYAH ES,0.47,0.85,9,0.09,10.1,NULL,0.9,0.65,0.13
15264,2015,55I089400,55I089,SHIDLER ES,0.65,NULL,10.9,0.1,3.4,NULL,NULL,1,0.06
15265,2015,55I089407,55I089,SOUTHERN HILLS ES,0.56,1,9.8,0.15,16.9,576,1.3,0.76,0.09
15266,2015,55I089408,55I089,SPENCER ES,0.66,0.7,8.1,0.15,3.5,NULL,2.8,0.99,0.15
15267,2015,55I089410,55I089,STAND WATIE ES,0.56,0.76,9.8,0.09,10.2,774,1,0.73,0.08
15268,2015,55I089417,55I089,TELSTAR ES,0.68,1,12.7,0.25,2.6,NULL,8.7,1,0.18
15269,2015,55I089440,55I089,VAN BUREN ES,0.59,0.96,8.7,0.08,8.6,NULL,0.3,0.83,0.08
15270,2015,55I089455,55I089,WEST NICHOLS HILLS ES,0.29,0.98,7.7,0.07,71,NULL,1.4,0.56,0.06
15271,2015,55I089460,55I089,WESTWOOD ES,0.44,0.85,8.5,0.07,14.8,NULL,5.1,0.73,0.14
15272,2015,55I089465,55I089,WHEELER ES,0.58,0.7,10.5,0.14,14.3,NULL,0.4,0.88,0.13
15273,2015,55I089477,55I089,WILLOW BROOK ES,0.63,1,10.8,0.23,10.4,NULL,18.5,1,0.15
15274,2015,55I089480,55I089,WILSON ES,0.24,0.99,7.5,0.14,5.2,NULL,2.3,0.51,0.12
15275,2015,55I089503,55I089,BELLE ISLE MS,0,0.31,6,0,9.2,225,4.4,0.42,0.02
15276,2015,55I089508,55I089,CLASSEN MS OF ADVANCED STUDIES,0,NULL,7.2,0.01,61.6,143.7,NULL,0.35,0.13
15277,2015,55I089512,55I089,DOUGLASS MS,0,0.25,13.7,0.18,1.2,47.4,0.8,1,0.58
15278,2015,55I089518,55I089,JEFFERSON MS,0,0.45,11.6,0.08,2.2,28.6,0.5,0.89,0.16
15279,2015,55I089521,55I089,NORTHEAST MS,0,0.84,9.2,0.03,2.5,NULL,1,0.85,0.22
15280,2015,55I089522,55I089,ROGERS MS,0,0.25,14,0.22,1.1,29.4,0,1,0.26
15281,2015,55I089523,55I089,ROOSEVELT MS,0,0.44,14.5,0.1,2.7,188.3,0.1,0.9,0.16
15282,2015,55I089525,55I089,TAFT MS,0,0.35,11,0.16,1.1,49.3,23,0.84,0.26
15283,2015,55I089530,55I089,WEBSTER MS,0,NULL,12,0.12,1.9,40.3,NULL,0.91,0.14
15284,2015,55I089535,55I089,JOHN MARSHALL MS,0,0.29,9.1,0.15,5.5,80,0.8,0.84,0.66
15285,2015,55I089540,55I089,OKLAHOMA CENTENNIAL MS,0,0.55,11.1,0.23,1.3,43.4,0,0.92,0.53
15286,2015,55I089705,55I089,CAPITOL HILL HS,0,NULL,22,0.12,4,17.6,NULL,0.84,0.1
15287,2015,55I089706,55I089,CLASSEN HS OF ADVANCED STUDIES,0,NULL,12.5,0,82.2,493,NULL,0.29,0
15288,2015,55I089707,55I089,DOUGLASS HS,0,0.14,16.3,0.13,1.4,24.6,0.5,1,0
15289,2015,55I089712,55I089,U. S. GRANT HS,0,NULL,18.9,0.09,3.8,34.2,NULL,0.86,0.15
15290,2015,55I089726,55I089,JOHN MARSHALL HS,0,0.2,15.2,0.11,2.9,42.4,0.6,0.72,0
15291,2015,55I089750,55I089,OKLAHOMA CENTENNIAL HS,0,0.25,14.8,0.25,1.7,22.2,0,0.92,0
15292,2015,55I089760,55I089,NORTHEAST HS,0,0.73,13.7,0.02,4,214,0.4,0.72,0
15293,2015,55I089765,55I089,NORTHWEST CLASSEN HS,0,0.3,15.9,0.14,4.1,79.4,0.3,0.69,0.17
15294,2015,55I089770,55I089,SOUTHEAST HS,0,0.9,13.3,0.03,7,189.3,0.1,0.79,0.13
15295,2015,55I089780,55I089,STAR SPENCER HS,0,0.75,15.8,0.08,2.4,32.1,3.6,0.88,0.27
15296,2015,55I089971,55I089,INDEPENDENCE CHARTER MS,0,0.73,5,0.01,303,NULL,27.4,0.59,0.16
15297,2015,55I089973,55I089,HUPFELD ACADEMY AT WESTERN VILLAGE,0.52,1,6.6,0.04,2.9,NULL,24.4,0.89,0.15
15298,2015,55I089975,55I089,DOVE SCIENCE ACADEMY (OKC),0,NULL,6.1,NULL,NULL,NULL,NULL,0.83,0.03
15299,2015,55I089977,55I089,SANTA FE SOUTH HS,0,0.75,3.9,0.09,25.8,NULL,0.1,0.81,0.08
15300,2015,55I089978,55I089,HARDING CHARTER PREPARATORY HS,0,0.9,4.3,0,NULL,NULL,20.7,0.48,0.04
15301,2015,55I089980,55I089,HARDING FINE ARTS ACADEMY,0,NULL,9,NULL,NULL,NULL,NULL,0.55,0.07
15302,2015,55I089981,55I089,SANTA FE SOUTH MS,0,1,4.7,0,12.5,97.3,0.8,0.92,0.14
15303,2015,55I089982,55I089,KIPP REACH COLLEGE PREPARATORY,0,0.85,8.5,0.03,1.6,300,0.1,0.73,0.11
15304,2015,55I089984,55I089,DOVE SCIENCE ACADEMY ES (OKC),0.36,0.96,4.7,0.01,7,308,1.5,0.75,0.08
15305,2015,55I089986,55I089,HARPER ACADEMY,0,0.1,26.5,0.84,NULL,NULL,3.6,1.1,0.19